qmof_id,metal,formula,spacegroup,a_A,b_A,c_A,alpha_deg,beta_deg,gamma_deg,volume_A3,n_atoms,pld_A,lcd_A,bandgap_eV,energy_pbe_dft_eV
qmof-73ded45,Co,CoC4HO3,R-3,6.77183301,15.25011192,15.254209370000002,117.8494062,98.52892739999999,98.50047392000002,1334.3289578407198,54,10.98654,11.78574,0.268982,-403.6608299
qmof-dc7e5a3,Co,CoC4H2O3,R-3,6.48632402,14.922997110000003,14.95452572,117.99067162,98.2588957,98.35538879,1226.8937118544911,60,10.08865,10.76967,1.071221,-423.6605641
qmof-571d405,Cu,CuC16H6N2O4,R-3m,12.28970169,25.84481693,25.84464506,117.54780372,99.11616054000001,99.11460838999999,6930.056799470435,174,14.14613,15.86148,0.965399,-1278.86504
qmof-b46c098,Cu,CuC4HO3,R-3,6.26448008,15.22293624,15.20079441,118.17200077,97.86908536,97.88511415,1231.5699299015796,54,10.73598,11.47509,0.241124,-383.6430955
qmof-197ad3f,Fe,FeC6ClH2N3O,R-3m,8.10804144,22.862056219999996,22.86209528,118.63176229999999,96.78006855999999,96.78007728,3618.7382301263947,84,18.49358,19.12546,0.153444,-623.303123
qmof-599995e,Fe,FeC7H3O3,P3_221,6.68105492,21.98583706,21.99028488,120.00480742000002,89.99865820000001,90.01820317,2797.231861812972,84,16.92486,16.98959,0.589529,-623.0238605
qmof-5a2471d,Mn,MnC6H2O3,R-3,7.01422856,17.282538990000003,17.28087786,118.20519176999998,97.81531173,97.75498752999998,1780.7189598091254,72,11.79355,13.0208,1.024971,-556.7912985
qmof-07cc468,Mn,MnC11H14N2O3,P3_221,7.05371074,21.46207493,21.462160309999998,119.99950662,90.00021005,90.00012716,2813.815244038163,186,11.32804,11.47463,0.574406,-1193.996028
qmof-dd825f1,Mo,MoC17H18N4O4,C2/c,13.12503208,13.63108854,13.630978100000002,82.31970208000001,72.76010592,72.76001396,2221.681650857874,176,4.85213,5.27637,1.400817,-1181.837674
qmof-04b4379,Mo,MoZnC14H18N4O4,C2,7.00570948,9.41336924,9.41337331,84.14221034000002,88.60957866,88.60949736,617.2152186872543,42,4.43754,5.9534,2.804367,-271.3970209
qmof-02e961c,Ni,NiC26H16N4O4,P6,5.31720614,41.3996957,41.39968597,120.00006770000003,90.00000588000002,89.99999203999998,7892.380753151306,153,35.34426,35.68217,0.282594,-1084.935816
qmof-da6b9c1,Ni,Ni3C72H48N8O12,P622,5.3174938,36.60990775,36.60991351,119.99998956999998,89.99999124,90.0000024,6172.129178265737,143,30.58127,30.91686,0.759154,-997.3486237
qmof-28c2c0e,Ru,RuC19F8H6N2O5,P-1,10.56763207,10.74820832,15.264569500000002,89.85227384,67.55118058,91.06720692000002,1602.0458120361538,82,5.32412,7.02831,0.467115,-567.9341579
qmof-59f49ee,Ru,Cd2RuC36H18N6O12,C2/c,12.67259527,12.67159336,22.82987921,99.9679158,104.25461693999999,104.15777185,3337.393847427083,150,4.91163,6.86008,1.756114,-1081.067505
qmof-8deddd1,Zn,ZnC7H3O3,P3_121,6.72997544,21.8184088,21.81840294,120.00210952999998,89.99703112,90.00297334,2774.4756057941167,84,16.2694,16.35498,2.562356,-585.1607853
qmof-b927353,Zn,ZnBrC23H12N3O4,P2/m,11.54193904,15.84572845,17.9398568,89.99996066,92.93575043,90.00002096999998,3276.722117972711,88,12.46513,12.95069,0.690609,-616.7730909
qmof-9bfdab6,Zr,Zr3C40H30O16,C2/m,15.02331476,18.64614202,19.6049186,81.10807013,67.45851766,66.26791746,4643.371014060009,178,6.87457,9.34453,3.044349,-1263.945073
qmof-bd899c1,Zr,ZrC14H8O5,C2/c,7.8412568,15.5966104,17.86995996,115.86566814,101.47960657,89.99625416,1917.815060206053,112,5.44442,6.12637,2.335098,-829.4865938
