qmof_id,reaction,intermediate,file,e_clean_eV,e_intermediate_eV,delta_E_eV,fmax_eV_A,converged,natoms,mace_chgnet_diff_per_atom_eV,zpe_ads_eV,ts_ads_eV,delta_G_corr_eV,delta_G_eV,steric_congested,primary_metal
qmof-73ded45,her,H,qmof-73ded45_her_H.cif,-395.4043133851822,-397.6435703021835,1.0229881363859683,0.0275079736687257,True,55,0.3776813789162661,0.1450813903045318,0.0233993855528653,0.1916820047516664,1.2146701411376348,False,Co
qmof-dc7e5a3,her,H,qmof-dc7e5a3_her_H.cif,-408.8492036458366,-412.36629851853854,-0.2548498193146788,0.0296948242551269,True,61,0.3616878973011109,0.3084228514309146,0.0027756041364589,0.3756472472944556,0.1207974279797768,False,Co
qmof-571d405,her,H,qmof-571d405_her_H.cif,-1268.6217112060665,-1270.5483351042149,1.3356211552388897,0.0249560322923032,True,175,0.1072370527527008,0.1706735249173914,0.0116709499622482,0.2290025749551431,1.564623730194033,False,Cu
qmof-b46c098,her,H,qmof-b46c098_her_H.cif,-381.9645946952742,-385.5882723670888,-0.3614326184273655,0.0274457820044092,True,55,0.2061820240785002,0.314390209260403,0.0118977893546345,0.3724924199057685,0.011059801478403,False,Cu
qmof-197ad3f,her,H,qmof-197ad3f_her_H.cif,-610.7399789238991,-613.3818884416215,0.6203355356648426,0.0257488430626237,True,85,0.2108306093265114,0.1518350278647169,0.0112825197541875,0.2105525081105294,0.830888043775372,False,Fe
qmof-599995e,her,H,qmof-599995e_her_H.cif,-607.531409422402,-610.8661744513349,-0.0725199755456533,0.0263015176939305,True,85,0.2968244469420155,0.3220023236650743,0.0091001501378004,0.3829021735272738,0.3103821979816205,False,Fe
qmof-5a2471d,her,H,qmof-5a2471d_her_H.cif,-546.5614134038806,-548.7238008917877,1.0998575654800995,0.0279292824887278,True,73,0.3047462327002537,0.1364274571351349,0.0145679982379718,0.191859458897163,1.2917170243772624,False,Mn
qmof-07cc468,her,H,qmof-07cc468_her_H.cif,-1178.8916923255438,-1183.7305674896052,-1.5766301106741385,0.0298712860409282,True,187,0.1327969579850659,0.3320027618222542,0.002634899546024,0.3993678622762301,-1.1772622483979085,False,Mn
qmof-dd825f1,her,H,qmof-dd825f1_her_H.cif,-1143.303049286473,-1147.4499887709844,-0.884694431124196,0.0292478978840211,True,177,0.1646567768941558,0.2839901408584401,0.0220200944823883,0.3319700463760518,-0.5527243847481442,False,Mo
qmof-04b4379,her,H,qmof-04b4379_her_H.cif,-261.85920487321243,-265.65349865436593,-0.5320487277662456,0.0292612535771772,True,43,0.1621250994260829,0.2841147127487144,0.0151396873010726,0.3389750254476418,-0.1930737023186037,False,Mo
qmof-02e961c,her,H,qmof-02e961c_her_H.cif,-1066.1880655042307,-1069.5255093811368,-0.0751988235187828,0.022962126901806,True,154,0.1185374289374235,0.2693101223709416,0.0136110113343259,0.3256991110366156,0.2505002875178328,False,Ni
qmof-da6b9c1,her,H,qmof-da6b9c1_her_H.cif,-979.7901333463814,-983.285968076243,-0.2335896764743457,0.0270755957168166,True,144,0.1261298705371582,0.3034111590410819,0.0088474866750484,0.3645636723660334,0.1309739958916877,False,Ni
qmof-28c2c0e,her,H,qmof-28c2c0e_her_H.cif,-562.4436834709826,-566.1846066993542,-0.4786781749843176,0.0281549914996714,True,83,0.2027223178635793,0.2968010025993025,0.0092215820702457,0.3575794205290566,-0.1210987544552609,False,Ru
qmof-59f49ee,her,H,qmof-59f49ee_her_H.cif,-1064.373346675657,-1067.7663797422776,-0.1307880132330656,0.0266623134143603,True,151,0.1335350731057771,0.2650389837457371,0.0092907406220529,0.3257482431236841,0.1949602298906185,False,Ru
qmof-8deddd1,her,H,qmof-8deddd1_her_H.cif,-579.6572498803229,-581.8657461281495,1.0537488055606654,0.0294589590038516,True,85,0.1460051523986093,0.1548592441323229,0.0273663134075888,0.197492930724734,1.2512417362853994,False,Zn
qmof-b927353,her,H,qmof-b927353_her_H.cif,-610.1343515185346,-611.3312205452538,2.065376026668012,0.0227537553162098,True,89,0.1004674899234122,0.19016394096418,1.5124254137769726e-07,0.2601637897216386,2.3255398163896506,False,Zn
qmof-9bfdab6,her,H,qmof-9bfdab6_her_H.cif,-1249.573285077002,-1250.8525485905875,1.9829815398013788,0.029806641956042,True,179,0.112449209165711,0.0795826601936608,0.0337933262896867,0.115789333903974,2.098770873705353,False,Zr
qmof-bd899c1,her,H,qmof-bd899c1_her_H.cif,-819.213068914138,-822.8630898365244,-0.3877758689991215,0.0296686910298257,True,113,0.0986944613125605,0.2953472000712088,0.0033294461444494,0.3620177539267594,-0.025758115072362,False,Zr
qmof-73ded45,oer,OH,qmof-73ded45_oer_OH.cif,-395.4043133851822,-405.35199968211504,0.950358506433254,0.0298531889505087,True,56,0.37697529079789,0.3259054784837629,0.1348847313104953,0.2310207471732675,1.1813792536065215,False,Co
qmof-dc7e5a3,oer,OH,qmof-dc7e5a3_oer_OH.cif,-408.8492036458366,-421.40182843182566,-1.6545799826229697,0.0295215202731873,True,62,0.3580651490960587,0.3987186610837849,0.0847837472447652,0.3539349138390197,-1.30064506878395,False,Co
qmof-571d405,oer,OH,qmof-571d405_oer_OH.cif,-1268.6217112060665,-1277.6690110406448,1.8507449687877584,0.0296241830855804,True,176,0.1086699479224726,0.3254812118353353,0.1325231844678028,0.2329580273675325,2.083702996155291,False,Cu
qmof-b46c098,oer,OH,qmof-b46c098_oer_OH.cif,-381.9645946952742,-391.4675615459993,1.395077952640925,0.0298825425200656,True,56,0.2097216705653021,0.3728770662026443,0.0647337955019651,0.3481432707006792,1.743221223341604,False,Cu
qmof-197ad3f,oer,OH,qmof-197ad3f_oer_OH.cif,-610.7399789238991,-620.1975575708875,1.4404661563776884,0.0281821659394016,True,86,0.2225492374569766,0.3216342515836614,0.1328528662402665,0.2287813853433949,1.6692475417210833,False,Fe
qmof-599995e,oer,OH,qmof-599995e_oer_OH.cif,-607.531409422402,-617.8147079309223,0.6147462948458227,0.0269091862516196,True,86,0.2945683148475607,0.3492275643342934,0.0838385683294602,0.3053889960048332,0.920135290850656,False,Fe
qmof-5a2471d,oer,OH,qmof-5a2471d_oer_OH.cif,-546.5614134038806,-556.7580039313592,0.7014542758874498,0.0288630776415468,True,74,0.3050197816497066,0.3255803610418353,0.1558886627831063,0.209691698258729,0.9111459741461788,False,Mn
qmof-07cc468,oer,OH,qmof-07cc468_oer_OH.cif,-1178.8916923255438,-1189.1173373315478,0.6723997973620683,0.0271967056226816,True,188,0.1344005650167005,0.3753768631469405,0.0413793364371425,0.373997526709798,1.0463973240718665,False,Mn
qmof-dd825f1,oer,OH,qmof-dd825f1_oer_OH.cif,-1143.303049286473,-1151.566091352943,2.6350027368960767,0.028888407062497,True,178,0.1608650667935085,0.3721378009133482,0.1029045207352409,0.3092332801781072,2.944236017074184,False,Mo
qmof-04b4379,oer,OH,qmof-04b4379_oer_OH.cif,-261.85920487321243,-272.03301261348787,0.7242370630906478,0.0268156738593794,True,44,0.1636402772946649,0.3818918317037725,0.0517300191440233,0.3701618125597492,1.094398875650397,False,Mo
qmof-02e961c,oer,OH,qmof-02e961c_oer_OH.cif,-1066.1880655042307,-1077.1378787041078,-0.0517683965110151,0.0263641778767088,True,155,0.1194906893081752,0.4223055243961516,0.0481463449179889,0.4141591794781626,0.3623907829671475,False,Ni
qmof-da6b9c1,oer,OH,qmof-da6b9c1_oer_OH.cif,-979.7901333463814,-987.4937833315196,3.1943948182277566,0.4608690610706256,False,145,0.1448376270778806,0.4086224576455678,0.0469426598757213,0.4016797977698464,3.596074615997603,False,Ni
qmof-28c2c0e,oer,OH,qmof-28c2c0e_oer_OH.cif,-562.4436834709826,-572.7121447338855,0.6295835404632228,0.0278072464974191,True,84,0.2010775761777029,0.3556645410433653,0.0670055239013243,0.328659017142041,0.958242557605264,False,Ru
qmof-59f49ee,oer,OH,qmof-59f49ee_oer_OH.cif,-1064.373346675657,-1072.2539943288311,3.0173971501922736,0.0291666909367392,True,152,0.1366972900858148,0.3632605989311161,0.036776707793998,0.3664838911371181,3.383881041329392,False,Ru
qmof-8deddd1,oer,OH,qmof-8deddd1_oer_OH.cif,-579.6572498803229,-590.0009156443895,0.5543790392994836,0.0272857832372404,True,86,0.145346706714948,0.3372384088367028,0.1218519586851814,0.2553864501515214,0.809765489451005,False,Zn
qmof-b927353,oer,OH,qmof-b927353_oer_OH.cif,-610.1343515185346,-619.1213104690358,1.911085852864808,0.0295708527592051,True,90,0.0972733895367544,0.3778842155658179,0.0620457111154431,0.3558385044503748,2.2669243573151827,False,Zn
qmof-9bfdab6,oer,OH,qmof-9bfdab6_oer_OH.cif,-1249.573285077002,-1259.0142558232983,1.4570740570694127,0.0286537739789773,True,180,0.1129897842716054,0.3470034334953417,0.0935478372395391,0.2934555962558026,1.7505296533252153,False,Zr
qmof-bd899c1,oer,OH,qmof-bd899c1_oer_OH.cif,-819.213068914138,-5786511.4191581225,-5785681.308044405,54603007.74006225,False,114,50751.47408012881,0.35,0.05,0.34,-5785680.968044405,True,Zr
qmof-73ded45,oer,O,qmof-73ded45_oer_O.cif,-395.4043133851822,-399.705816364928,3.334296770233082,0.0189523716456468,True,55,0.3879737489757417,0.0514447831978349,0.0906975529538228,-0.0692527697559878,3.265044000477094,False,Co
qmof-dc7e5a3,oer,O,qmof-dc7e5a3_oer_O.cif,-408.8492036458366,-416.54864024060015,-0.0636368447847095,0.0238039833569415,True,61,0.3669439380062987,0.0913319371296823,0.0525042534091504,0.0088276837205319,-0.0548091610641775,False,Co
qmof-571d405,oer,O,qmof-571d405_oer_O.cif,-1268.6217112060665,-1271.801206733853,4.456304222192373,0.0222155787416139,True,175,0.1083409001369117,0.0238261944490419,0.0132137761961016,-0.0193875817470597,4.436916640445314,False,Cu
qmof-b46c098,oer,O,qmof-b46c098_oer_O.cif,-381.9645946952742,-387.0713122204544,2.529082224798615,0.0233939218926038,True,55,0.1984187683994088,0.0864488646708889,0.0368217495396673,0.0196271151312216,2.548709339929837,False,Cu
qmof-197ad3f,oer,O,qmof-197ad3f_oer_O.cif,-610.7399789238991,-614.727007700467,3.648770973410977,0.0284923419971903,True,85,0.2211883227794327,0.0545050099240768,0.069935278728067,-0.0454302688039901,3.6033407046069863,False,Fe
qmof-599995e,oer,O,qmof-599995e_oer_O.cif,-607.531409422402,-999254.6412931186,-998639.4740839462,120226113.45676751,False,85,11748.39012447327,0.08,0.01,0.04,-998639.4340839462,True,Fe
qmof-5a2471d,oer,O,qmof-5a2471d_oer_O.cif,-546.5614134038806,-551.0881693552076,3.1090437986518262,0.0293026115516901,True,73,0.3091225262236118,0.0484646859996112,0.0850581830215988,-0.0665934970219875,3.0424503016298385,False,Mn
qmof-07cc468,oer,O,qmof-07cc468_oer_O.cif,-1178.8916923255438,-1185.1240195403486,1.403472535173976,0.0299783199804928,True,187,0.1369407168631089,0.0820714443667326,0.0402391679527398,0.0118322764139928,1.415304811587969,False,Mn
qmof-dd825f1,oer,O,qmof-dd825f1_oer_O.cif,-1143.303049286473,-1147.5139354981989,3.4249135382529383,0.0295827124924436,True,177,0.1614258091115177,0.0753632695568991,0.053413628299609,-0.0080503587427098,3.4168631795102287,False,Mo
qmof-04b4379,oer,O,qmof-04b4379_oer_O.cif,-261.85920487321243,-266.59204668224123,2.9029579409500323,0.0248399374328492,True,43,0.1456297510307271,0.075627100626623,0.0513104996740442,-0.0056833990474211,2.897274541902611,False,Mo
qmof-02e961c,oer,O,qmof-02e961c_oer_O.cif,-1066.1880655042307,-1072.6845827395516,1.1392825146579506,0.0286158596346105,True,154,0.1224142481400869,0.0968420121834496,0.0293439784044668,0.0374980337789828,1.1767805484369334,False,Ni
qmof-da6b9c1,oer,O,qmof-da6b9c1_oer_O.cif,-979.7901333463814,-984.610693324944,2.815239771416075,0.0287425266609455,True,144,0.1246487937775147,0.0759773264060694,0.0617549480638728,-0.0157776216578033,2.799462149758272,False,Ni
qmof-28c2c0e,oer,O,qmof-28c2c0e_oer_O.cif,-562.4436834709826,-568.6490708436762,1.4304123772852089,0.0262570287015964,True,83,0.1992397985231028,0.0802141742573803,0.0421760210807626,0.0080381531766177,1.4384505304618267,False,Ru
qmof-59f49ee,oer,O,qmof-59f49ee_oer_O.cif,-1064.373346675657,-1069.3453086761542,2.663837749481943,0.0295769701943045,True,151,0.1370875731815118,0.084570911548653,0.0375584482705636,0.0170124632780893,2.6808502127600327,False,Ru
qmof-8deddd1,oer,O,qmof-8deddd1_oer_O.cif,-579.6572498803229,-585.2897701121848,2.003279518116913,0.0290605960176597,True,85,0.1269692142132672,0.0891453741584857,0.0355144787014424,0.0236308954570433,2.0269104135739564,False,Zn
qmof-b927353,oer,O,qmof-b927353_oer_O.cif,-610.1343515185346,-613.8568610984369,3.913290170076537,0.0293156066287399,True,89,0.0890476785814678,0.0750607284940627,0.0412264564784134,0.0038342720156493,3.917124442092186,False,Zn
qmof-9bfdab6,oer,O,qmof-9bfdab6_oer_O.cif,-1249.573285077002,-1252.6252137228937,4.583871104086982,0.0294772012473653,True,179,0.1153252452195184,0.0485059073438408,0.0780017873270413,-0.0594958799832004,4.524375224103782,False,Zr
qmof-bd899c1,oer,O,qmof-bd899c1_oer_O.cif,-819.213068914138,-1272368.3803625433,-1271541.5314938792,5622651.185896592,False,113,11252.470804054414,0.08,0.01,0.04,-1271541.4914938791,True,Zr
qmof-73ded45,oer,OOH,qmof-73ded45_oer_OOH.cif,-395.4043133851822,-409.07307342937895,4.8650845091481685,0.0281102664832783,True,57,0.3872924429193395,0.3933837751905598,0.2157413201762782,0.1876424550142816,5.05272696416245,False,Co
qmof-dc7e5a3,oer,OOH,qmof-dc7e5a3_oer_OOH.cif,-408.8492036458366,-425.5620137707237,1.8210344284578848,0.0279945379261588,True,63,0.3626166123942676,0.4282758797541191,0.1687269756019689,0.2695489041521502,2.090583332610035,False,Co
qmof-571d405,oer,OOH,qmof-571d405_oer_OOH.cif,-1268.6217112060665,-1282.4645619361456,4.690993823265778,0.0260808181381798,True,177,0.0995723460528495,0.3905195988027887,0.2170140390622139,0.1835055597405747,4.874499383006353,False,Cu
qmof-b46c098,oer,OOH,qmof-b46c098_oer_OOH.cif,-381.9645946952742,-395.7015406355384,4.79689861308065,0.0275477174181695,True,57,0.1963977031799726,0.4484711743453859,0.1103654405688599,0.3481057337765261,5.145004346857176,False,Cu
qmof-197ad3f,oer,OOH,qmof-197ad3f_oer_OOH.cif,-610.7399789238991,-623.9600520045643,5.313771472679711,0.027182304808127,True,87,0.2109701278210998,0.333258562839388,0.0632705018561538,0.2799880609832341,5.593759533662945,False,Fe
qmof-599995e,oer,OOH,qmof-599995e_oer_OOH.cif,-607.531409422402,-621.2690770015947,4.79617697415221,0.0280438156910027,True,87,0.2077611760323164,0.412347429409604,0.1462229016316056,0.2761245277779983,5.072301501930208,False,Fe
qmof-5a2471d,oer,OOH,qmof-5a2471d_oer_OOH.cif,-546.5614134038806,-560.9797813555532,4.115476601672292,0.029142047764709,True,75,0.278134979061374,0.4047146097974471,0.1345618175830849,0.2801527922143622,4.3956293938866535,False,Mn
qmof-07cc468,oer,OOH,qmof-07cc468_oer_OOH.cif,-1178.8916923255438,-1194.4170439320123,3.0084929468763377,0.0466122866388265,False,189,0.132590045333268,0.4591002877570016,0.0775939800971099,0.3915063076598917,3.3999992545362296,False,Mn
qmof-dd825f1,oer,OOH,qmof-dd825f1_oer_OOH.cif,-1143.303049286473,-1157.3022639383992,4.534629901418718,0.0295428365322122,True,179,0.1598745020463035,0.4254406563182449,0.1390258009469737,0.2964148553712711,4.831044756789989,False,Mo
qmof-04b4379,oer,OOH,qmof-04b4379_oer_OOH.cif,-261.85920487321243,-275.4573833682901,4.935666058267252,0.0266920189169304,True,45,0.1717796914251506,0.3968566555104864,0.1875324008940734,0.219324254616413,5.1549903128836645,False,Mo
qmof-02e961c,oer,OOH,qmof-02e961c_oer_OOH.cif,-1066.1880655042307,-1082.9643792773654,1.7575307802102245,0.0298805173441577,True,156,0.1110079290613594,0.481486357374189,0.0787749823657492,0.4127113750084398,2.170242155218664,False,Ni
qmof-da6b9c1,oer,OOH,qmof-da6b9c1_oer_OOH.cif,-979.7901333463814,-994.0518378440028,4.272140055723405,0.0287623704129796,True,146,0.1293011762075994,0.4617851361229118,0.1277704853104616,0.3440146508124502,4.616154706535856,False,Ni
qmof-28c2c0e,oer,OOH,qmof-28c2c0e_oer_OOH.cif,-562.4436834709826,-577.5236250727833,3.453902951544244,0.0218289500039751,True,85,0.1973158366896822,0.4488711817634272,0.0950397024128768,0.3638314793505504,3.817734430894794,False,Ru
qmof-59f49ee,oer,OOH,qmof-59f49ee_oer_OOH.cif,-1064.373346675657,-1077.167991252728,5.739199976274328,0.3134125944099105,False,153,0.142086505292628,0.501299050718031,0.0614134571230128,0.4498855935950181,6.189085569869347,False,Ru
qmof-8deddd1,oer,OOH,qmof-8deddd1_oer_OOH.cif,-579.6572498803229,-593.0538630051554,5.1372314285123295,0.0276440042695536,True,87,0.1467590391828396,0.4013282189720365,0.2039367007846324,0.2073915181874041,5.344622946699734,False,Zn
qmof-b927353,oer,OOH,qmof-b927353_oer_OOH.cif,-610.1343515185346,-623.1992287246542,5.468967347225309,0.0278403544320011,True,91,0.0882527020298991,0.4147478087230427,0.1469422334963323,0.2778055752267104,5.74677292245202,False,Zn
qmof-9bfdab6,oer,OOH,qmof-9bfdab6_oer_OOH.cif,-1249.573285077002,-1263.319725162786,4.787404467560798,0.0247410435420175,True,181,0.1073448637846769,0.4305557245264283,0.1858258107987834,0.2547299137276448,5.0421343812884425,False,Zr
qmof-bd899c1,oer,OOH,qmof-bd899c1_oer_OOH.cif,-819.213068914138,-831.8369986083247,5.909914859158214,0.0279889457146567,True,115,0.1067545297645675,0.423518397015507,0.1287326573729557,0.3047857396425513,6.214700598800765,False,Zr
qmof-73ded45,co2rr,COOH,qmof-73ded45_co2rr_COOH.cif,-395.4043133851822,-421.8143901334991,-0.3682892129267152,0.028454074955673,True,58,0.3505691339455973,0.6489630173127203,0.1756006599906424,0.8933623573220779,0.5250731443953627,False,Co
qmof-dc7e5a3,co2rr,COOH,qmof-dc7e5a3_co2rr_COOH.cif,-408.8492036458366,-435.8455026087578,-0.954511427530992,0.0295191976834158,True,64,0.3464987614232182,0.5387839129848315,0.1935965445140872,0.7651873684707442,-0.1893240590602478,False,Co
qmof-571d405,co2rr,COOH,qmof-571d405_co2rr_COOH.cif,-1268.6217112060665,-1294.331365064328,0.3321336771285637,0.0272508875095073,True,178,0.1113709575476651,0.5863883698889356,0.1736299615551907,0.8327584083337447,1.1648920854623084,False,Cu
qmof-b46c098,co2rr,COOH,qmof-b46c098_co2rr_COOH.cif,-381.9645946952742,-407.9913791999288,0.0150030307355955,0.0286216884374281,True,58,0.202505433379461,0.6444418018973631,0.186500088644952,0.8779417132524112,0.8929447439880067,False,Cu
qmof-197ad3f,co2rr,COOH,qmof-197ad3f_co2rr_COOH.cif,-610.7399789238991,-636.1555391095145,0.6262273497747906,0.0298855639266628,True,88,0.2148969110868379,0.5725781173556586,0.169336268463002,0.8232418488926565,1.449469198667447,False,Fe
qmof-599995e,co2rr,COOH,qmof-599995e_co2rr_COOH.cif,-607.531409422402,-632.5982654161035,0.9749315416887434,0.1833965291374811,False,88,0.2323906773116794,0.5544574717856815,0.203588825577084,0.7708686462085974,1.7458001878973408,False,Fe
qmof-5a2471d,co2rr,COOH,qmof-5a2471d_co2rr_COOH.cif,-546.5614134038806,-571.5764597559257,1.0267411833450346,0.0197100781898898,True,76,0.3106972811720299,0.5201089908866148,0.2717996746859046,0.6683093162007101,1.6950504995457447,False,Mn
qmof-07cc468,co2rr,COOH,qmof-07cc468_co2rr_COOH.cif,-1178.8916923255438,-1206.161425206747,-1.2279453458130725,0.031814726272426,False,190,0.1316146720204103,0.6472977535478263,0.1593640606482327,0.9079336928995936,-0.3200116529134789,False,Mn
qmof-dd825f1,co2rr,COOH,qmof-dd825f1_co2rr_COOH.cif,-1143.303049286473,-1170.0015102779455,-0.6566734560825758,0.0295797515952922,True,180,0.1666250459818987,0.660693463840166,0.1513990062237161,0.92929445761645,0.2726210015338741,False,Mo
qmof-04b4379,co2rr,COOH,qmof-04b4379_co2rr_COOH.cif,-261.85920487321243,-20575024.425857987,-20574736.52486558,142685607.01759768,False,46,447276.9067306615,0.62,0.11,0.93,-20574735.59486558,True,Mo
qmof-02e961c,co2rr,COOH,qmof-02e961c_co2rr_COOH.cif,-1066.1880655042307,-548171.802126748,-547079.5722737084,5967061.578415648,False,157,3484.5095697078395,0.62,0.11,0.93,-547078.6422737084,True,Ni
qmof-da6b9c1,co2rr,COOH,qmof-da6b9c1_co2rr_COOH.cif,-979.7901333463814,-1004.603473868443,1.2284470133285872,0.4805109879596485,False,147,0.1120355034193931,0.6432897748888209,0.1399527269023684,0.9233370479864524,2.1517840613150394,False,Ni
qmof-28c2c0e,co2rr,COOH,qmof-28c2c0e_co2rr_COOH.cif,-562.4436834709826,-587.3896299993338,1.0958410070389668,0.0447267178769138,False,86,0.1822114471371069,0.573966838347115,0.166917695997676,0.8270491423494388,1.9228901493884056,False,Ru
qmof-59f49ee,co2rr,COOH,qmof-59f49ee_co2rr_COOH.cif,-1064.373346675657,-1088.3678855239918,2.047248687055667,0.0292420328713098,True,154,0.1318559774720497,0.6226664167243485,0.1207306825443281,0.9219357341800204,2.9691844212356875,False,Ru
qmof-8deddd1,co2rr,COOH,qmof-8deddd1_co2rr_COOH.cif,-579.6572498803229,-605.1717771002909,0.5272603154221365,0.0290335148759236,True,88,0.1414070850641658,0.6419309495558467,0.1883651196492772,0.8735658299065694,1.400826145328706,False,Zn
qmof-b927353,co2rr,COOH,qmof-b927353_co2rr_COOH.cif,-610.1343515185346,-1229485.0506150778,-1228848.874476024,25610379.552454017,False,92,13357.143397639687,0.62,0.11,0.93,-1228847.944476024,True,Zn
qmof-9bfdab6,co2rr,COOH,qmof-9bfdab6_co2rr_COOH.cif,-1249.573285077002,-1276.2801402701307,-0.6650676577386498,0.0273738477649132,True,182,0.1118781730950923,0.6074192433242244,0.1685553235248232,0.8588639197994012,0.1937962620607514,False,Zr
qmof-bd899c1,co2rr,COOH,qmof-bd899c1_co2rr_COOH.cif,-819.213068914138,-842.6990921992119,2.5557642503162974,0.5572929832051897,False,116,0.0702451894868584,0.5992830950992335,0.1851856912800702,0.8340974038191633,3.3898616541354607,False,Zr
qmof-73ded45,co2rr,CO,qmof-73ded45_co2rr_CO.cif,-395.4043133851822,-410.2224369362369,0.3256191809694293,0.028281421600345,True,56,0.3837390280987277,0.1763425916276182,0.1320859984689295,0.4242565931586888,0.7498757741281181,False,Co
qmof-dc7e5a3,co2rr,CO,qmof-dc7e5a3_co2rr_CO.cif,-408.8492036458366,-424.8287766888991,-0.8358303110383893,0.0238714831740041,True,62,0.3634700875845407,0.2315373817111989,0.1121941884428242,0.4993431932683746,-0.3364871177700147,False,Co
qmof-571d405,co2rr,CO,qmof-571d405_co2rr_CO.cif,-1268.6217112060665,-1283.2427885090945,0.5226654289961381,0.0289970713491616,True,176,0.1106588721074178,0.1874486259025902,0.0527975723918907,0.5146510535106995,1.0373164825068375,False,Cu
qmof-b46c098,co2rr,CO,qmof-b46c098_co2rr_CO.cif,-381.9645946952742,-396.6980961454354,0.4102412818628842,0.0267665571134773,True,56,0.2095373892137664,0.1914185682596177,0.1556642913704223,0.4157542768891953,0.8259955587520795,False,Cu
qmof-197ad3f,co2rr,CO,qmof-197ad3f_co2rr_CO.cif,-610.7399789238991,-625.2468001470115,0.6369215089116871,0.029265801194287,True,86,0.2215990830471043,0.1674039692905938,0.0808729711497557,0.466530998140838,1.1034525070525252,False,Fe
qmof-599995e,co2rr,CO,qmof-599995e_co2rr_CO.cif,-607.531409422402,-622.0763776078144,0.5987745466117396,0.4990898102516443,False,86,0.2470090142350799,0.2555433883960622,0.078518603144602,0.5570247852514602,1.1557993318631996,False,Fe
qmof-5a2471d,co2rr,CO,qmof-5a2471d_co2rr_CO.cif,-546.5614134038806,-560.9961394545043,0.7090166814004171,0.0288952689688061,True,74,0.3116861301545032,0.1554857963541022,0.1246742029179061,0.4108115934361962,1.1198282748366133,False,Mn
qmof-07cc468,co2rr,CO,qmof-07cc468_co2rr_CO.cif,-1178.8916923255438,-1193.9269760517675,0.1084590058003733,0.057449739578109,False,188,0.1326736853961835,0.2266944427708941,0.0840374717190546,0.5226569710518395,0.6311159768522128,False,Mn
qmof-dd825f1,co2rr,CO,qmof-dd825f1_co2rr_CO.cif,-1143.303049286473,-1159.8243814205923,-1.37758940209525,0.0243563051044014,True,178,0.1620385107164757,0.2759155865906302,0.0665950074800464,0.5893205791105838,-0.7882688229846662,False,Mo
qmof-04b4379,co2rr,CO,qmof-04b4379_co2rr_CO.cif,-261.85920487321243,-277.02498228907774,-0.0220346838412091,0.0287425653911579,True,44,0.1907170939715996,0.2629539861541575,0.0780927887129832,0.5648611974411744,0.5428265135999653,False,Mo
qmof-02e961c,co2rr,CO,qmof-02e961c_co2rr_CO.cif,-1066.1880655042307,-1080.7272694657693,0.6045387704855649,0.0295489819651965,True,155,0.1173625004224563,0.2355566184230097,0.1076233646573091,0.5079332537657006,1.1124720242512656,False,Ni
qmof-da6b9c1,co2rr,CO,qmof-da6b9c1_co2rr_CO.cif,-979.7901333463814,-991.7885726325208,3.1453034458847107,0.2726240589199776,False,145,0.1123770987627879,0.2615147523641124,0.0557917106141014,0.585723041750011,3.731026487634722,False,Ni
qmof-28c2c0e,co2rr,CO,qmof-28c2c0e_co2rr_CO.cif,-562.4436834709826,-578.1887127696643,-0.6012865666576452,0.0270520892697275,True,84,0.206245880113743,0.2188836534593222,0.1121441146196649,0.4867395388396573,-0.1145470278179879,False,Ru
qmof-59f49ee,co2rr,CO,qmof-59f49ee_co2rr_CO.cif,-1064.373346675657,-1077.918366015405,1.5987233922767563,0.026513901940918,True,152,0.0570765008238179,0.2114159244068451,0.0725233534111322,0.518892570995713,2.117615963272469,False,Ru
qmof-8deddd1,co2rr,CO,qmof-8deddd1_co2rr_CO.cif,-579.6572498803229,-594.30679411235,0.494198499997001,0.0232413833470384,True,86,0.1497210021002184,0.1654669061593874,0.0886707430432383,0.4567961631161491,0.95099466311315,False,Zn
qmof-b927353,co2rr,CO,qmof-b927353_co2rr_CO.cif,-610.1343515185346,-625.2610853236466,0.0170089269120445,0.0279473850590627,True,90,0.0361746025544069,0.2722174605938352,0.0607221304027082,0.591495330191127,0.6085042571031715,False,Zn
qmof-9bfdab6,co2rr,CO,qmof-9bfdab6_co2rr_CO.cif,-1249.573285077002,-1264.0212346173123,0.6957931917134239,0.0220326441648294,True,180,0.1147427341138887,0.1397220867057111,0.1047338276674852,0.4149882590382259,1.1107814507516498,False,Zr
qmof-bd899c1,co2rr,CO,qmof-bd899c1_co2rr_CO.cif,-819.213068914138,-833.1197678008122,1.2370438453499766,0.402491049790683,False,114,0.0343326632055951,0.2086303952874639,0.0634384910439621,0.5251919042435018,1.7622357495934784,False,Zr
qmof-73ded45,co2rr,OCHO,qmof-73ded45_co2rr_OCHO.cif,-395.4043133851822,-420.5115131323589,0.9345877882134735,0.027543020552492,True,58,0.365214242700439,0.6148213487837876,0.147784308786995,0.8870370399967926,1.821624828210266,False,Co
qmof-dc7e5a3,co2rr,OCHO,qmof-dc7e5a3_co2rr_OCHO.cif,-408.8492036458366,-434.7943638543616,0.0966273268651711,0.0254356877875104,True,64,0.3583690095998184,0.5861956892599771,0.193483962950778,0.8127117263091992,0.9093390531743702,False,Co
qmof-571d405,co2rr,OCHO,qmof-571d405_co2rr_OCHO.cif,-1268.6217112060665,-1294.0261917692485,0.6373069722081759,0.0283459442710769,True,178,0.1088952479167921,0.5204163923847389,0.1787064740553481,0.7617099183293907,1.3990168905375666,False,Cu
qmof-b46c098,co2rr,OCHO,qmof-b46c098_co2rr_OCHO.cif,-381.9645946952742,-407.2071697047526,0.7992125259117806,0.111008234933383,False,58,0.1865110532114319,0.5932039056841132,0.190136146402994,0.8230677592811191,1.6222802851928997,False,Cu
qmof-197ad3f,co2rr,OCHO,qmof-197ad3f_co2rr_OCHO.cif,-610.7399789238991,-635.9342617382578,0.8475047210315374,0.0285547570175016,True,88,0.2234462777435197,0.538219954003134,0.1299331942827265,0.8282867597204076,1.675791480751945,False,Fe
qmof-599995e,co2rr,OCHO,qmof-599995e_co2rr_OCHO.cif,-607.531409422402,-633.2904494100446,0.2827475477475722,0.0298490563553974,True,88,0.3005324463347201,0.5934128068780413,0.1993773909151865,0.8140354159628549,1.0967829637104272,False,Fe
qmof-5a2471d,co2rr,OCHO,qmof-5a2471d_co2rr_OCHO.cif,-546.5614134038806,-573.2190389916689,-0.6158380523981073,0.0283564190232863,True,76,0.3055405989480247,0.625687559755017,0.1647106914618952,0.8809768682931218,0.2651388158950145,False,Mn
qmof-07cc468,co2rr,OCHO,qmof-07cc468_co2rr_OCHO.cif,-1178.8916923255438,-1202.8619656717397,2.0715141891943,0.0290576177716503,True,190,0.1345913710533439,0.5643011839763861,0.2026721154832907,0.7816290684930953,2.853143257687395,False,Mn
qmof-dd825f1,co2rr,OCHO,qmof-dd825f1_co2rr_OCHO.cif,-1143.303049286473,-1168.5590395531362,0.7857972687269061,0.0267489450051579,True,180,0.1665672119009792,0.6377982979833217,0.1554887954253086,0.902309502558013,1.6881067712849191,False,Mo
qmof-04b4379,co2rr,OCHO,qmof-04b4379_co2rr_OCHO.cif,-261.85920487321243,-287.0820022384899,0.8189901701127091,0.2107085952665298,False,46,0.0200845142193091,0.5600673846402054,0.1447904515047094,0.8352769331354961,1.6542671032482053,False,Mo
qmof-02e961c,co2rr,OCHO,qmof-02e961c_co2rr_OCHO.cif,-1066.1880655042307,-1090.9774741553438,1.252378884277146,0.1320764608126655,False,157,0.0821972747370619,0.5210561764576707,0.1008999823073061,0.8401561941503644,2.0925350784275105,False,Ni
qmof-da6b9c1,co2rr,OCHO,qmof-da6b9c1_co2rr_OCHO.cif,-979.7901333463814,-1003.5166715766574,2.3152493051141896,0.1411046755574149,False,147,0.1149216644445077,0.6287136268075872,0.1038384485450422,0.9448751782625452,3.2601244833767344,False,Ni
qmof-28c2c0e,co2rr,OCHO,qmof-28c2c0e_co2rr_OCHO.cif,-562.4436834709826,-587.5021153382366,0.9833556681361236,0.0458073768617345,False,86,0.1947371672152715,0.5618856617286234,0.2118382863551676,0.7700473753734558,1.7534030435095795,False,Ru
qmof-59f49ee,co2rr,OCHO,qmof-59f49ee_co2rr_OCHO.cif,-1064.373346675657,-1084.8327254493363,5.58240876171099,0.4383347580501847,False,154,0.1309206583545518,0.5495753811822537,0.1118680610272569,0.8577073201549967,6.440116081865988,False,Ru
qmof-8deddd1,co2rr,OCHO,qmof-8deddd1_co2rr_OCHO.cif,-579.6572498803229,-606.0966317399639,-0.3975943242508215,0.0278659794062484,True,88,0.1411429565238481,0.5788634391908271,0.1564216719822206,0.8424417672086064,0.4448474429577849,False,Zn
qmof-b927353,co2rr,OCHO,qmof-b927353_co2rr_OCHO.cif,-610.1343515185346,-635.4810378511637,0.6951012027610481,0.0273337370686455,True,92,0.09997139033212,0.5583275651316753,0.2101553493187447,0.7681722158129305,1.4632734185739786,False,Zn
qmof-9bfdab6,co2rr,OCHO,qmof-9bfdab6_co2rr_OCHO.cif,-1249.573285077002,-1272.5102049026802,3.104867709711794,0.0287070494319372,True,182,0.1093236241181717,0.6078090263472418,0.1756162759571732,0.8521927503900686,3.957060460101863,False,Zr
qmof-bd899c1,co2rr,OCHO,qmof-bd899c1_co2rr_OCHO.cif,-819.213068914138,-842.1988939125708,3.0559625369573773,0.0287339738723304,True,116,0.0302430894188397,0.5645982967245102,0.1774798844684542,0.807118412256056,3.863080949213433,False,Zr
