qmof_id,metal,site_index,coordination_number,open_vector_x,open_vector_y,open_vector_z
qmof-73ded45,Co,0,5,0.060627727347999615,-0.06054328436044799,0.996322633184385
qmof-dc7e5a3,Co,0,6,0.2200444308146979,-0.8348433933284768,-0.5045958353803861
qmof-571d405,Cu,0,5,0.4968358115898347,-7.522000002063845e-05,-0.867844554435771
qmof-b46c098,Cu,0,4,0.8989251413610827,0.17035344766433494,-0.4036251888792771
qmof-197ad3f,Fe,0,5,0.0009580610544990298,0.9999994247998083,0.00048220231073940745
qmof-599995e,Fe,0,5,-0.3909219648859828,-0.47871933150409235,-0.7861347333720584
qmof-5a2471d,Mn,0,5,0.2308684976766985,-0.9318263473920974,0.27999891979507147
qmof-07cc468,Mn,0,6,0.04232684462606504,-0.8554790552579853,0.5161046640352185
qmof-dd825f1,Mo,0,5,0.5939991863052667,0.5716160795259128,0.5660565557398893
qmof-04b4379,Mo,1,4,-0.015941654382400763,-0.741977912591998,0.6702347654972648
qmof-02e961c,Ni,0,6,-0.9999995800781033,0.0006977357403153578,-0.0005941451452486057
qmof-da6b9c1,Ni,0,6,9.786311334968401e-08,-0.9999985890368368,-0.0016798584242790238
qmof-28c2c0e,Ru,12,6,0.6408496746106191,-0.21616504682707233,0.7366032630132134
qmof-59f49ee,Ru,40,6,-0.5470999996722906,-0.7630952021668385,0.34404549523069167
qmof-8deddd1,Zn,0,5,0.05887961291338152,0.762242758134053,-0.6446077635705004
qmof-b927353,Zn,0,5,-0.04549620513796181,-1.470229371976326e-05,0.9989645114326571
qmof-9bfdab6,Zr,0,8,0.38706716228632304,0.04908724687888129,-0.9207439677095175
qmof-bd899c1,Zr,0,7,-0.4380033053759886,0.6651183331397622,0.6047898043131125
