qmof_id,reaction,intermediate,file,e_clean_eV,e_intermediate_eV,delta_E_eV,fmax_eV_A,converged,natoms,mace_chgnet_diff_per_atom_eV
qmof-73ded45,her,H,qmof-73ded45_her_H.cif,-394.4186860485232,-396.8362353960845,0.8612944387279677,0.21827831527006206,False,55,0.39236019539079364
qmof-dc7e5a3,her,H,qmof-dc7e5a3_her_H.cif,-408.12387866903333,-411.3426681555731,0.060054299749439544,0.1470783102055647,False,61,0.37846872292349504
qmof-571d405,her,H,qmof-571d405_her_H.cif,-1268.6044466741403,-1270.9374621152772,0.945828345152294,0.09881736412608928,False,175,0.10501346983234465
qmof-b46c098,her,H,qmof-b46c098_her_H.cif,-381.3613856859266,-384.8887955906258,-0.24856611840998166,0.17383366170988082,False,55,0.21889978365055435
qmof-197ad3f,her,H,qmof-197ad3f_her_H.cif,-611.7081949090149,-614.0206728104961,0.9663658848080141,0.04975657910190013,False,85,0.20331549910445787
qmof-599995e,her,H,qmof-599995e_her_H.cif,-608.500349336736,-611.409977560034,0.36921556299121594,0.7464888271361099,False,85,0.2904267633102617
qmof-5a2471d,her,H,qmof-5a2471d_her_H.cif,-546.1807937616495,-548.6345306638461,0.8251068840925919,0.10806526539272668,False,73,0.3059691125350701
qmof-07cc468,her,H,qmof-07cc468_her_H.cif,-1175.1780699910094,-1179.6878490571698,-1.2309352798712743,0.10481061311086569,False,187,0.15441577313177893
qmof-dd825f1,her,H,qmof-dd825f1_her_H.cif,-1144.7468491228321,-1148.8382457978157,-0.8125528886943547,0.17830450066637876,False,177,0.1568135168555609
qmof-04b4379,her,H,qmof-04b4379_her_H.cif,-261.9403678239592,-265.6507087580247,-0.4314971477762546,0.2516745324943419,False,43,0.16218998073634472
qmof-02e961c,her,H,qmof-02e961c_her_H.cif,-1068.9994945532853,-1071.9752571788097,0.3030811607648767,0.11697553086251992,False,154,0.10262997570578136
qmof-da6b9c1,her,H,qmof-da6b9c1_her_H.cif,-982.0278310336787,-985.5528976054729,-0.24622278550502497,0.05670225674158701,False,144,0.1103873043619501
qmof-28c2c0e,her,H,qmof-28c2c0e_her_H.cif,-563.5372396952213,-566.9869198259883,-0.1708363444777623,0.19710023160382775,False,83,0.19305589465112044
qmof-59f49ee,her,H,qmof-59f49ee_her_H.cif,-1065.493715316531,-1068.766274065224,0.006285037596243548,0.13288147003842687,False,151,0.12691325639752302
qmof-8deddd1,her,H,qmof-8deddd1_her_H.cif,-581.02556466808,-583.3296374330826,0.9747710212867142,0.0519809131384174,False,85,0.12878290175233761
qmof-b927353,her,H,qmof-b927353_her_H.cif,-611.6208385151315,-613.2889334781019,1.6107488233188443,0.03587237252108577,False,89,0.07847071539702974
qmof-9bfdab6,her,H,qmof-9bfdab6_her_H.cif,-1250.9674066243692,-1252.2683404352779,1.9779099753805705,0.07007781875936664,False,179,0.10453975751939733
qmof-bd899c1,her,H,qmof-bd899c1_her_H.cif,-820.3066567474591,-823.3991878870567,0.18631264669166203,0.14126415547221274,False,113,0.09395023077687695
qmof-73ded45,oer,OH,qmof-73ded45_oer_OH.cif,-394.4186860485232,-404.47559959837514,0.715747527984206,0.22610697992631562,False,56,0.3926252922932453
qmof-dc7e5a3,oer,OH,qmof-dc7e5a3_oer_OH.cif,-408.12387866903333,-420.3838036185239,-1.487263871654477,0.2958444761128495,False,62,0.37448490414931257
qmof-571d405,oer,OH,qmof-571d405_oer_OH.cif,-1268.6044466741403,-1277.8497810204713,1.527326731505127,0.12243453354678706,False,176,0.10764284576436788
qmof-b46c098,oer,OH,qmof-b46c098_oer_OH.cif,-381.3613856859266,-390.44599831355816,1.688048450204576,0.07548236365041161,False,56,0.22796387114460867
qmof-197ad3f,oer,OH,qmof-197ad3f_oer_OH.cif,-611.7081949090149,-621.3148789915028,1.16597699534816,0.10147712517640574,False,86,0.20955712791493794
qmof-599995e,oer,OH,qmof-599995e_oer_OH.cif,-608.500349336736,-617.6444854072889,1.6285250072832014,0.3317657449592291,False,86,0.296547646517716
qmof-5a2471d,oer,OH,qmof-5a2471d_oer_OH.cif,-546.1807937616495,-556.6023860208398,0.35106881864578554,0.11139137073020057,False,74,0.3071227263864548
qmof-07cc468,oer,OH,qmof-07cc468_oer_OH.cif,-1175.1780699910094,-1185.1051675634783,0.8455635053671813,0.13928972981312893,False,188,0.15574189357026175
qmof-dd825f1,oer,OH,qmof-dd825f1_oer_OH.cif,-1144.7468491228321,-1152.5910717078605,2.9284384928077998,0.3101667737208361,False,178,0.1551067501928485
qmof-04b4379,oer,OH,qmof-04b4379_oer_OH.cif,-261.9403678239592,-271.61412388014344,1.0989050216518876,0.1301400516455482,False,44,0.1731604757797656
qmof-02e961c,oer,OH,qmof-02e961c_oer_OH.cif,-1068.9994945532853,-1079.563771355135,0.2083842759864183,0.15472730677483482,False,155,0.10383976897896753
qmof-da6b9c1,oer,OH,qmof-da6b9c1_oer_OH.cif,-982.0278310336787,-990.2323896559789,2.56810245553595,0.43368437776251756,False,145,0.1259506869091967
qmof-28c2c0e,oer,OH,qmof-28c2c0e_oer_OH.cif,-563.5372396952213,-572.9426750896502,1.3672256834072414,0.29131132453331554,False,84,0.19833316718050414
qmof-59f49ee,oer,OH,qmof-59f49ee_oer_OH.cif,-1065.493715316531,-1073.3310105835412,2.9353658108259424,0.16618225720319593,False,152,0.12961165683114323
qmof-8deddd1,oer,OH,qmof-8deddd1_oer_OH.cif,-581.02556466808,-591.1996634329499,0.5985623129662372,0.06948940948287921,False,86,0.13140777894098915
qmof-b927353,oer,OH,qmof-b927353_oer_OH.cif,-611.6208385151315,-619.9344121129077,2.4590874800599067,0.17607038199366537,False,90,0.08823892682706728
qmof-9bfdab6,oer,OH,qmof-9bfdab6_oer_OH.cif,-1250.9674066243692,-1259.8487698095532,1.8912978926521191,0.08809393417961045,False,180,0.10835359545907927
qmof-bd899c1,oer,OH,qmof-bd899c1_oer_OH.cif,-820.3066567474591,-824.4057866166022,6.673531208693021,3.493305967215063,False,114,0.1663880422885772
qmof-73ded45,oer,O,qmof-73ded45_oer_O.cif,-394.4186860485232,-398.8317587389678,3.080744601102353,0.29858674552023756,False,55,0.4038657058113813
qmof-dc7e5a3,oer,O,qmof-dc7e5a3_oer_O.cif,-408.12387866903333,-415.6204970626538,-0.0028011020735476677,0.06947862065812359,False,61,0.38215939993984577
qmof-571d405,oer,O,qmof-571d405_oer_O.cif,-1268.6044466741403,-1271.5137109072807,4.584553058406456,0.07223809135614792,False,175,0.10998373343161022
qmof-b46c098,oer,O,qmof-b46c098_oer_O.cif,-381.3613856859266,-386.4881241527653,2.36707882470823,0.2287268917160064,False,55,0.20902218781193782
qmof-197ad3f,oer,O,qmof-197ad3f_oer_O.cif,-611.7081949090149,-615.524070219607,3.677941980954799,0.0953023389684132,False,85,0.21181111667190314
qmof-599995e,oer,O,qmof-599995e_oer_O.cif,-608.500349336736,-78458.97585496616,-77842.98168833788,1006179.9869293806,False,85,915.4999428479475
qmof-5a2471d,oer,O,qmof-5a2471d_oer_O.cif,-546.1807937616495,-550.626819965429,3.0477910877673793,0.10066877739383602,False,73,0.31544238087811255
qmof-07cc468,oer,O,qmof-07cc468_oer_O.cif,-1175.1780699910094,-1181.2800744816252,1.3918128009310493,0.14925230005489598,False,187,0.15749657279211118
qmof-dd825f1,oer,O,qmof-dd825f1_oer_O.cif,-1144.7468491228321,-1148.9258210205114,3.3148453938676283,0.12959119529132662,False,177,0.15344905474816994
qmof-04b4379,oer,O,qmof-04b4379_oer_O.cif,-261.9403678239592,-266.1192779842646,3.3149071312414975,0.13096509245701116,False,43,0.15662437191390435
qmof-02e961c,oer,O,qmof-02e961c_oer_O.cif,-1068.9994945532853,-1075.5611062525543,0.9322055922779526,0.2536062837965566,False,154,0.10373552402967999
qmof-da6b9c1,oer,O,qmof-da6b9c1_oer_O.cif,-982.0278310336787,-986.5355741920386,2.9860741331870457,0.2008945534329893,False,144,0.11128156553380346
qmof-28c2c0e,oer,O,qmof-28c2c0e_oer_O.cif,-563.5372396952213,-568.6183099871056,2.4127469996625877,0.2692802840240252,False,83,0.1996104112528694
qmof-59f49ee,oer,O,qmof-59f49ee_oer_O.cif,-1065.493715316531,-1070.4015808961565,2.5859517119214814,0.12118127879410524,False,151,0.1300923929165962
qmof-8deddd1,oer,O,qmof-8deddd1_oer_O.cif,-581.02556466808,-586.6210342744132,1.89834768521375,0.10669731794742006,False,85,0.11130728289293289
qmof-b927353,oer,O,qmof-b927353_oer_O.cif,-611.6208385151315,-614.7387345458025,4.375921260875927,0.34130155801143264,False,89,0.07913898816162968
qmof-9bfdab6,oer,O,qmof-9bfdab6_oer_O.cif,-1250.9674066243692,-1254.2573279477576,4.2038959681585055,0.06111799768504014,False,179,0.1062072886560328
qmof-bd899c1,oer,O,qmof-bd899c1_oer_O.cif,-820.3066567474591,-822.6776958861639,5.1227781528421446,1.0980088649749207,False,113,0.1460337036138707
qmof-73ded45,oer,OOH,qmof-73ded45_oer_OOH.cif,-394.4186860485232,-408.324110130643,4.361054287263229,0.4416809917621307,False,57,0.40043214991470677
qmof-dc7e5a3,oer,OOH,qmof-dc7e5a3_oer_OOH.cif,-408.12387866903333,-424.8041267910759,1.586230247340481,0.20014416400665785,False,63,0.37464656445216865
qmof-571d405,oer,OOH,qmof-571d405_oer_OOH.cif,-1268.6044466741403,-1281.6965699972698,5.174355046253524,0.12312645540222485,False,177,0.10391128356062282
qmof-b46c098,oer,OOH,qmof-b46c098_oer_OOH.cif,-381.3613856859266,-394.4496966086753,5.178167446634333,0.31447448481579826,False,57,0.21835987908985202
qmof-197ad3f,oer,OOH,qmof-197ad3f_oer_OOH.cif,-611.7081949090149,-624.9421524923865,5.032520786011375,0.10272201177412463,False,87,0.19968161646682153
qmof-599995e,oer,OOH,qmof-599995e_oer_OOH.cif,-608.500349336736,-620.9622886183064,5.804539087812643,0.3954453803852625,False,87,0.21128747928850417
qmof-5a2471d,oer,OOH,qmof-5a2471d_oer_OOH.cif,-546.1807937616495,-560.4006866030227,4.046585528009857,0.33466653154727605,False,75,0.28585624242844765
qmof-07cc468,oer,OOH,qmof-07cc468_oer_OOH.cif,-1175.1780699910094,-1190.160392966114,3.284155394278443,0.37560779190411697,False,189,0.1551120081157993
qmof-dd825f1,oer,OOH,qmof-dd825f1_oer_OOH.cif,-1144.7468491228321,-1157.984063638948,5.029263853267068,0.14970003175607824,False,179,0.15606556517172848
qmof-04b4379,oer,OOH,qmof-04b4379_oer_OOH.cif,-261.9403678239592,-275.20602290291083,5.0008232904313985,0.11676610319515611,False,45,0.17736547954468987
qmof-02e961c,oer,OOH,qmof-02e961c_oer_OOH.cif,-1068.9994945532853,-1083.346554430626,3.919418492042425,0.32274091468856203,False,156,0.10855808833533058
qmof-da6b9c1,oer,OOH,qmof-da6b9c1_oer_OOH.cif,-982.0278310336787,-995.6939555200654,4.600353882996316,0.3560429482967044,False,146,0.11805379486470538
qmof-28c2c0e,oer,OOH,qmof-28c2c0e_oer_OOH.cif,-563.5372396952213,-576.6950894621922,5.108628602412111,0.2884176304664625,False,85,0.20706331446134194
qmof-59f49ee,oer,OOH,qmof-59f49ee_oer_OOH.cif,-1065.493715316531,-1078.0146775545018,5.745516131412316,0.45748218864857787,False,153,0.13655260789541335
qmof-8deddd1,oer,OOH,qmof-8deddd1_oer_OOH.cif,-581.02556466808,-593.8755651560272,5.41647788143591,0.20062774643101197,False,87,0.13731418687396937
qmof-b927353,oer,OOH,qmof-b927353_oer_OOH.cif,-611.6208385151315,-623.9478775931404,5.9394392913740575,0.23213224627646903,False,91,0.08002579138719289
qmof-9bfdab6,oer,OOH,qmof-9bfdab6_oer_OOH.cif,-1250.9674066243692,-1263.9907185637035,5.243166430048788,0.22090790076931105,False,181,0.10363771792325432
qmof-bd899c1,oer,OOH,qmof-bd899c1_oer_OOH.cif,-820.3066567474591,-832.1285582569999,6.444576859842229,0.17493329326735452,False,115,0.10421922847174005
qmof-73ded45,co2rr,COOH,qmof-73ded45_co2rr_COOH.cif,-394.4186860485232,-419.259705425705,1.2677637813587914,0.21548489103867186,False,58,0.3946154220110126
qmof-dc7e5a3,co2rr,COOH,qmof-dc7e5a3_co2rr_COOH.cif,-408.12387866903333,-434.19969642987706,0.03296539769685225,0.2283074108878142,False,64,0.37221448296822945
qmof-571d405,co2rr,COOH,qmof-571d405_co2rr_COOH.cif,-1268.6044466741403,-1294.0924654665719,0.6207643661089826,0.20035388719265362,False,178,0.11271309011932941
qmof-b46c098,co2rr,COOH,qmof-b46c098_co2rr_COOH.cif,-381.3613856859266,-406.58628487153265,0.8838839729345516,0.20017690629206722,False,58,0.2267311976621525
qmof-197ad3f,co2rr,COOH,qmof-197ad3f_co2rr_COOH.cif,-611.7081949090149,-636.9300377822361,0.8869402853193371,0.13489604831054527,False,88,0.20609578980591048
qmof-599995e,co2rr,COOH,qmof-599995e_co2rr_COOH.cif,-608.500349336736,-17189.346001148493,-16554.736868653217,439991.8599372905,False,88,187.91246995601094
qmof-5a2471d,co2rr,COOH,qmof-5a2471d_co2rr_COOH.cif,-546.1807937616495,-571.3096235197185,0.9799534004716399,0.13817789714018233,False,76,0.3142082842800203
qmof-07cc468,co2rr,COOH,qmof-07cc468_co2rr_COOH.cif,-1175.1780699910094,-1201.8587351836745,-0.571882034124588,0.44421450652827715,False,190,0.15426040898394985
qmof-dd825f1,co2rr,COOH,qmof-dd825f1_co2rr_COOH.cif,-1144.7468491228321,-1170.8462276949156,0.009404586457161912,0.3831545593074327,False,180,0.1619321714431774
qmof-04b4379,co2rr,COOH,qmof-04b4379_co2rr_COOH.cif,-261.9403678239592,-249986.44359626304,-249698.39444528054,2792791.6095695356,False,46,5428.25494236314
qmof-02e961c,co2rr,COOH,qmof-02e961c_co2rr_COOH.cif,-1068.9994945532853,-1080.625680410013,14.48259730181287,2.3706842175576575,False,157,0.14760510959983728
qmof-da6b9c1,co2rr,COOH,qmof-da6b9c1_co2rr_COOH.cif,-982.0278310336787,-1003.6160731011543,4.520541091065024,3.741658492292296,False,147,0.11875251544176527
qmof-28c2c0e,co2rr,COOH,qmof-28c2c0e_co2rr_COOH.cif,-563.5372396952213,-586.6155447115367,3.03047814222516,0.5468315273931793,False,86,0.1912124388556779
qmof-59f49ee,co2rr,COOH,qmof-59f49ee_co2rr_COOH.cif,-1065.493715316531,-1088.723270601871,2.879227873200602,0.2943909090912455,False,154,0.12954828216114586
qmof-8deddd1,co2rr,COOH,qmof-8deddd1_co2rr_COOH.cif,-581.02556466808,-605.0793209162531,2.055026910367541,0.1770053937240497,False,88,0.14245772351914096
qmof-b927353,co2rr,COOH,qmof-b927353_co2rr_COOH.cif,-611.6208385151315,-14475.39454684498,-13837.664925171308,138183.7027507614,False,92,150.51670124585237
qmof-9bfdab6,co2rr,COOH,qmof-9bfdab6_co2rr_COOH.cif,-1250.9674066243692,-1276.2489424950945,0.8272472878152932,0.2819269414582294,False,182,0.11204958944144491
qmof-bd899c1,co2rr,COOH,qmof-bd899c1_co2rr_COOH.cif,-820.3066567474591,-72919.7449795113,-72073.3295396053,453998.2729350412,False,116,621.2835986666519
qmof-73ded45,co2rr,CO,qmof-73ded45_co2rr_CO.cif,-394.4186860485232,-409.2257634420872,0.5290446871404821,0.14699592950281637,False,56,0.4015367690656859
qmof-dc7e5a3,co2rr,CO,qmof-dc7e5a3_co2rr_CO.cif,-408.12387866903333,-423.7206082756382,-0.26060752590039904,0.20689520960262178,False,62,0.381343771669394
qmof-571d405,co2rr,CO,qmof-571d405_co2rr_CO.cif,-1268.6044466741403,-1283.3239762548312,0.6165925000135086,0.08347994606605821,False,176,0.11019757809754988
qmof-b46c098,co2rr,CO,qmof-b46c098_co2rr_CO.cif,-381.3613856859266,-395.59255816894705,1.1049495976840387,0.42169072816421627,False,56,0.2292791387939153
qmof-197ad3f,co2rr,CO,qmof-197ad3f_co2rr_CO.cif,-611.7081949090149,-626.2378781851609,0.8064388045584803,0.1684803609783889,False,86,0.21007491981280968
qmof-599995e,co2rr,CO,qmof-599995e_co2rr_CO.cif,-608.500349336736,-4866.636270886622,-4242.799799469181,93725.25106370634,False,86,49.10833858203012
qmof-5a2471d,co2rr,CO,qmof-5a2471d_co2rr_CO.cif,-546.1807937616495,-560.8527762522352,0.664139590118749,0.12858301657514182,False,74,0.31362347072570634
qmof-07cc468,co2rr,CO,qmof-07cc468_co2rr_CO.cif,-1175.1780699910094,-2416.9162803094473,-1226.4020882377336,4567.223490703927,False,188,6.372588571293603
qmof-dd825f1,co2rr,CO,qmof-dd825f1_co2rr_CO.cif,-1144.7468491228321,-1160.1122291667687,-0.029257963232042883,0.1609220986262629,False,178,0.16042138854694574
qmof-04b4379,co2rr,CO,qmof-04b4379_co2rr_CO.cif,-261.9403678239592,-277.02988056838257,0.24660933628110904,0.08496101214205562,False,44,0.19060576944194452
qmof-02e961c,co2rr,CO,qmof-02e961c_co2rr_CO.cif,-1068.9994945532853,-1083.7289978786207,0.6066187553690963,0.4607276048327655,False,155,0.0979965106621245
qmof-da6b9c1,co2rr,CO,qmof-da6b9c1_co2rr_CO.cif,-982.0278310336787,-991.7151643293428,5.648788785040393,2.772808106174245,False,145,0.11288336292263607
qmof-28c2c0e,co2rr,CO,qmof-28c2c0e_co2rr_CO.cif,-563.5372396952213,-578.9985730343312,-0.1252112584054874,0.27658050596268474,False,84,0.1966046864867562
qmof-59f49ee,co2rr,CO,qmof-59f49ee_co2rr_CO.cif,-1065.493715316531,-1077.570714270115,3.259123127120416,0.8671173790776376,False,152,0.05936368335861773
qmof-8deddd1,co2rr,CO,qmof-8deddd1_co2rr_CO.cif,-581.02556466808,-595.8651019439028,0.49658480488171897,0.06714020970874948,False,86,0.1316011435937901
qmof-b927353,co2rr,CO,qmof-b927353_co2rr_CO.cif,-611.6208385151315,-620.3837000720976,6.573260523738396,2.293606738614623,False,90,0.0180185669072494
qmof-9bfdab6,co2rr,CO,qmof-9bfdab6_co2rr_CO.cif,-1250.9674066243692,-1265.424512038654,0.8790166664196715,0.1977471421900075,False,180,0.10694674843976928
qmof-bd899c1,co2rr,CO,qmof-bd899c1_co2rr_CO.cif,-820.3066567474591,-19348.839534486837,-18513.19675565867,149177.63498468124,False,114,162.38426178140867
qmof-73ded45,co2rr,OCHO,qmof-73ded45_co2rr_OCHO.cif,-394.4186860485232,-419.39261412018203,1.1348550868817817,0.21467130183504332,False,58,0.38450560497935077
qmof-dc7e5a3,co2rr,OCHO,qmof-dc7e5a3_co2rr_OCHO.cif,-408.12387866903333,-433.4245114989967,0.8081503285772094,0.18974259325751114,False,64,0.3797729526523952
qmof-571d405,co2rr,OCHO,qmof-571d405_co2rr_OCHO.cif,-1268.6044466741403,-1293.807029499304,0.9062003333768409,0.20827478428288085,False,178,0.11012649662434545
qmof-b46c098,co2rr,OCHO,qmof-b46c098_co2rr_OCHO.cif,-381.3613856859266,-404.48106595299873,2.989102891468473,0.20216998447611909,False,58,0.233512842034774
qmof-197ad3f,co2rr,OCHO,qmof-197ad3f_co2rr_OCHO.cif,-611.7081949090149,-636.9835386088242,0.833439458731231,0.18863260372392798,False,88,0.21152267694162805
qmof-599995e,co2rr,OCHO,qmof-599995e_co2rr_OCHO.cif,-608.500349336736,-633.6092187761586,0.9999137191179663,0.26078111737124415,False,88,0.29691006717433377
qmof-5a2471d,co2rr,OCHO,qmof-5a2471d_co2rr_OCHO.cif,-546.1807937616495,-572.7774808664523,-0.4879039462621684,0.15249947261422434,False,76,0.31135057427982216
qmof-07cc468,co2rr,OCHO,qmof-07cc468_co2rr_OCHO.cif,-1175.1780699910094,-1198.4269276314778,2.8599255180720995,0.17418971269660055,False,190,0.15793367652840612
qmof-dd825f1,co2rr,OCHO,qmof-dd825f1_co2rr_OCHO.cif,-1144.7468491228321,-1168.4816971756293,2.3739351057434526,0.31834991283118574,False,180,0.1669968917760179
qmof-04b4379,co2rr,OCHO,qmof-04b4379_co2rr_OCHO.cif,-261.9403678239592,-285.7236536479883,2.325497334511521,1.7223314586925837,False,46,0.04961383140412725
qmof-02e961c,co2rr,OCHO,qmof-02e961c_co2rr_OCHO.cif,-1068.9994945532853,-1092.1434010003677,2.9648767114582135,3.899763979798808,False,157,0.07477098909996686
qmof-da6b9c1,co2rr,OCHO,qmof-da6b9c1_co2rr_OCHO.cif,-982.0278310336787,-2811.5783826759043,-1803.441768483685,16658.482576826384,False,147,12.184817866842886
qmof-28c2c0e,co2rr,OCHO,qmof-28c2c0e_co2rr_OCHO.cif,-563.5372396952213,-587.1845292530907,2.4614936006712007,0.3119841542364196,False,86,0.19843002867045745
qmof-59f49ee,co2rr,OCHO,qmof-59f49ee_co2rr_OCHO.cif,-1065.493715316531,-6268.156698697124,-5176.554200222052,37855.220590459285,False,154,33.52702721987783
qmof-8deddd1,co2rr,OCHO,qmof-8deddd1_co2rr_OCHO.cif,-581.02556466808,-606.5196492971361,0.6146985294845528,0.38141562816459446,False,88,0.13633593882870929
qmof-b927353,co2rr,OCHO,qmof-b927353_co2rr_OCHO.cif,-611.6208385151315,-635.8858038826165,1.843817791055539,0.17026949828232818,False,92,0.09557175955545893
qmof-9bfdab6,co2rr,OCHO,qmof-9bfdab6_co2rr_OCHO.cif,-1250.9674066243692,-1272.6311817334522,4.445008049457623,0.17336355954855232,False,182,0.10865891625678739
qmof-bd899c1,co2rr,OCHO,qmof-bd899c1_co2rr_OCHO.cif,-820.3066567474591,-840.917599617762,5.497840288237693,1.3687483624782035,False,116,0.0412887298913298
