qmof_id,metal,formula,pld_A,steric_congested,delta_G_H_eV,eta_HER_V,delta_G_OH_eV,delta_G_O_eV,delta_G_OOH_eV,dg_oer_step1_eV,dg_oer_step2_eV,dg_oer_step3_eV,dg_oer_step4_eV,pds_OER,eta_OER_V,delta_G_COOH_eV,delta_G_CO_eV,delta_G_OCHO_eV,u_lim_CO_V,eta_CO2RR_CO_V,eta_CO2RR_formate_V,delta_G_selectivity_COOH_vs_H_eV,delta_G_selectivity_OCHO_vs_H_eV,prefers_CO2RR
qmof-73ded45,Co,Co6C24H6O18,10.98654,False,1.2146701411376348,1.2146701411376348,1.1813792536065215,3.265044000477094,5.05272696416245,1.1813792536065215,2.0836647468705722,1.7876829636853562,-0.13272696416245022,*OH -> *O,0.8536647468705723,0.5250731443953627,0.7498757741281181,1.821624828210266,-0.5250731443953627,0.4150731443953627,1.631624828210266,-0.6895969967422722,0.6069546870726312,True
qmof-dc7e5a3,Co,Co6C24H12O18,10.08865,False,0.1207974279797768,0.1207974279797768,-1.30064506878395,-0.0548091610641775,2.090583332610035,-1.30064506878395,1.2458359077197725,2.145392493674213,2.829416667389965,*OOH -> O2,1.5994166673899648,-0.1893240590602478,-0.3364871177700147,0.9093390531743702,0.14716305870976693,0.2571630587097669,0.7193390531743702,-0.3101214870400246,0.7885416251945935,True
qmof-571d405,Cu,Cu6C96H36N12O24,14.14613,False,1.564623730194033,1.564623730194033,2.083702996155291,4.436916640445314,4.874499383006353,2.083702996155291,2.353213644290023,0.43758274256103924,0.045500616993646936,*OH -> *O,1.123213644290023,1.1648920854623084,1.0373164825068375,1.3990168905375666,-1.1648920854623084,1.0548920854623083,1.2090168905375667,-0.3997316447317245,-0.16560683965646628,True
qmof-b46c098,Cu,Cu6C24H6O18,10.73598,False,0.011059801478403,0.011059801478403,1.743221223341604,2.548709339929837,5.145004346857176,1.743221223341604,0.8054881165882328,2.596295006927339,-0.22500434685717607,*O -> *OOH,1.3662950069273392,0.8929447439880067,0.8259955587520795,1.6222802851928997,-0.8929447439880067,0.7829447439880067,1.4322802851928997,0.8818849425096037,1.6112204837144968,False
qmof-197ad3f,Fe,Fe6C36Cl6H12N18O6,18.49358,False,0.830888043775372,0.830888043775372,1.6692475417210833,3.6033407046069863,5.593759533662945,1.6692475417210833,1.934093162885903,1.990418829055959,-0.6737595336629454,*O -> *OOH,0.760418829055959,1.449469198667447,1.1034525070525252,1.675791480751945,-1.449469198667447,1.339469198667447,1.485791480751945,0.6185811548920751,0.844903436976573,False
qmof-599995e,Fe,Fe6C42H18O18,16.92486,True,0.3103821979816205,0.3103821979816205,0.920135290850656,-998639.4340839462,5.072301501930208,0.920135290850656,-998640.354219237,998644.506385448,-0.15230150193020808,*O -> *OOH,998643.276385448,1.7458001878973408,1.1557993318631996,1.0967829637104272,-1.7458001878973408,1.6358001878973407,0.9067829637104272,1.4354179899157202,0.7864007657288067,False
qmof-5a2471d,Mn,Mn6C36H12O18,11.79355,False,1.2917170243772624,1.2917170243772624,0.9111459741461788,3.0424503016298385,4.3956293938866535,0.9111459741461788,2.13130432748366,1.353179092256815,0.5243706061133464,*OH -> *O,0.9013043274836599,1.6950504995457447,1.1198282748366133,0.2651388158950145,-1.6950504995457447,1.5850504995457446,0.07513881589501448,0.4033334751684823,-1.026578208482248,False
qmof-07cc468,Mn,Mn6C66H84N12O18,11.32804,False,-1.1772622483979085,1.1772622483979085,1.0463973240718665,1.415304811587969,3.3999992545362296,1.0463973240718665,0.3689074875161025,1.9846944429482607,1.5200007454637703,*O -> *OOH,0.7546944429482607,-0.3200116529134789,0.6311159768522128,2.853143257687395,-0.9511276297656917,0.8411276297656917,2.6631432576873952,0.8572505954844296,4.0304055060853035,False
qmof-dd825f1,Mo,Mo4C68H72N16O16,4.85213,False,-0.5527243847481442,0.5527243847481442,2.944236017074184,3.4168631795102287,4.831044756789989,2.944236017074184,0.47262716243604475,1.4141815772797606,0.08895524321001069,* -> *OH,1.714236017074184,0.2726210015338741,-0.7882688229846662,1.6881067712849191,-0.2726210015338741,0.1626210015338741,1.4981067712849192,0.8253453862820184,2.2408311560330634,False
qmof-04b4379,Mo,MoZnC14H18N4O4,4.43754,True,-0.1930737023186037,0.1930737023186037,1.094398875650397,2.897274541902611,5.1549903128836645,1.094398875650397,1.802875666252214,2.2577157709810534,-0.23499031288366456,*O -> *OOH,1.0277157709810534,-20574735.59486558,0.5428265135999653,1.6542671032482053,-20574736.137692094,20574736.027692094,1.4642671032482053,-20574735.401791878,1.847340805566809,True
qmof-02e961c,Ni,Ni3C78H48N12O12,35.34426,True,0.2505002875178328,0.2505002875178328,0.3623907829671475,1.1767805484369334,2.170242155218664,0.3623907829671475,0.8143897654697858,0.9934616067817308,2.749757844781336,*OOH -> O2,1.5197578447813358,-547078.6422737084,1.1124720242512656,2.0925350784275105,-547079.7547457326,547079.6447457327,1.9025350784275106,-547078.8927739959,1.8420347909096777,True
qmof-da6b9c1,Ni,Ni3C72H48N8O12,30.58127,False,0.1309739958916877,0.1309739958916877,3.596074615997603,2.799462149758272,4.616154706535856,3.596074615997603,-0.7966124662393308,1.8166925567775842,0.3038452934641436,* -> *OH,2.366074615997603,2.1517840613150394,3.731026487634722,3.2601244833767344,-2.1517840613150394,2.0417840613150395,3.0701244833767345,2.0208100654233516,3.1291504874850466,False
qmof-28c2c0e,Ru,Ru2C38F16H12N4O10,5.32412,False,-0.1210987544552609,0.1210987544552609,0.958242557605264,1.4384505304618267,3.817734430894794,0.958242557605264,0.4802079728565627,2.3792839004329673,1.1022655691052061,*O -> *OOH,1.1492839004329674,1.9228901493884056,-0.1145470278179879,1.7534030435095795,-1.9228901493884056,1.8128901493884055,1.5634030435095796,2.0439889038436667,1.8745017979648404,False
qmof-59f49ee,Ru,Cd4Ru2C72H36N12O24,4.91163,False,0.1949602298906185,0.1949602298906185,3.383881041329392,2.6808502127600327,6.189085569869347,3.383881041329392,-0.7030308285693594,3.508235357109314,-1.2690855698693468,*O -> *OOH,2.278235357109314,2.9691844212356875,2.117615963272469,6.440116081865988,-2.9691844212356875,2.8591844212356876,6.250116081865988,2.774224191345069,6.24515585197537,False
qmof-8deddd1,Zn,Zn6C42H18O18,16.2694,False,1.2512417362853994,1.2512417362853994,0.809765489451005,2.0269104135739564,5.344622946699734,0.809765489451005,1.2171449241229513,3.3177125331257775,-0.424622946699734,*O -> *OOH,2.0877125331257775,1.400826145328706,0.95099466311315,0.4448474429577849,-1.400826145328706,1.290826145328706,0.2548474429577849,0.14958440904330672,-0.8063942933276145,False
qmof-b927353,Zn,Zn2Br2C46H24N6O8,12.46513,True,2.3255398163896506,2.3255398163896506,2.2669243573151827,3.917124442092186,5.74677292245202,2.2669243573151827,1.650200084777003,1.8296484803598339,-0.8267729224520197,* -> *OH,1.0369243573151827,-1228847.944476024,0.6085042571031715,1.4632734185739786,-1228848.5529802812,1228848.442980281,1.2732734185739787,-1228850.2700158404,-0.8622663978156719,True
qmof-9bfdab6,Zr,Zr6C80H60O32,6.87457,False,2.098770873705353,2.098770873705353,1.7505296533252153,4.524375224103782,5.0421343812884425,1.7505296533252153,2.7738455707785663,0.5177591571846607,-0.12213438128844256,*OH -> *O,1.5438455707785663,0.1937962620607514,1.1107814507516498,3.957060460101863,-0.9169851886908984,0.8069851886908984,3.767060460101863,-1.9049746116446016,1.85828958639651,True
qmof-bd899c1,Zr,Zr4C56H32O20,5.44442,True,-0.025758115072362,0.025758115072362,-5785680.968044405,-1271541.4914938791,6.214700598800765,-5785680.968044405,4514139.476550526,1271547.7061944779,-1.2947005988007652,*OH -> *O,4514138.246550526,3.3898616541354607,1.7622357495934784,3.863080949213433,-3.3898616541354607,3.279861654135461,3.673080949213433,3.4156197692078227,3.888839064285795,False
