file,natoms,initial_energy_eV,relaxed_energy_eV,energy_change_eV,initial_fmax_eV_A,final_fmax_eV_A,steps_taken,converged,volume_change_pct,qmof_id,reaction,intermediate
qmof-73ded45.cif,54,-415.2331237792969,-415.6982421875,-0.465118408203125,0.787022590637207,0.0688222199678421,9,True,0.0,qmof-73ded45,pristine,pristine
qmof-dc7e5a3.cif,60,-428.494384765625,-431.00213623046875,-2.50775146484375,0.8876333236694336,0.09822555631399155,30,True,0.0,qmof-dc7e5a3,pristine,pristine
qmof-571d405.cif,174,-1286.9892578125,-1287.0994873046875,-0.1102294921875,0.1629871279001236,0.09286852180957794,17,True,0.0,qmof-571d405,pristine,pristine
qmof-b46c098.cif,54,-393.3342590332031,-393.4785461425781,-0.144287109375,0.6019390225410461,0.07145663350820541,10,True,0.0,qmof-b46c098,pristine,pristine
qmof-197ad3f.cif,84,-628.1058959960938,-628.6376953125,-0.53179931640625,0.9778022170066833,0.08771242201328278,8,True,0.0,qmof-197ad3f,pristine,pristine
qmof-599995e.cif,84,-632.0765991210938,-633.1680908203125,-1.09149169921875,1.0795549154281616,0.08969417214393616,21,True,0.0,qmof-599995e,pristine,pristine
qmof-5a2471d.cif,72,-568.2522583007812,-568.6016845703125,-0.34942626953125,0.7204356789588928,0.08118131011724472,9,True,0.0,qmof-5a2471d,pristine,pristine
qmof-07cc468.cif,186,-1202.91259765625,-1204.0885009765625,-1.1759033203125,0.937942624092102,0.09426036477088928,15,True,0.0,qmof-07cc468,pristine,pristine
qmof-dd825f1.cif,176,-1172.0665283203125,-1172.47607421875,-0.4095458984375,0.9210302829742432,0.0846855416893959,15,True,0.0,qmof-dd825f1,pristine,pristine
qmof-04b4379.cif,42,-269.2388000488281,-269.3131103515625,-0.074310302734375,1.0755586624145508,0.0834006667137146,7,True,0.0,qmof-04b4379,pristine,pristine
qmof-02e961c.cif,153,-1084.4503173828125,-1084.501953125,-0.0516357421875,0.24127492308616638,0.09311473369598389,3,True,0.0,qmof-02e961c,pristine,pristine
qmof-da6b9c1.cif,143,-997.340087890625,-997.4463500976562,-0.10626220703125,0.32456669211387634,0.08932694047689438,5,True,0.0,qmof-da6b9c1,pristine,pristine
qmof-28c2c0e.cif,82,-579.4490966796875,-579.7174072265625,-0.268310546875,1.1698232889175415,0.09968765079975128,17,True,0.0,qmof-28c2c0e,pristine,pristine
qmof-59f49ee.cif,150,-1084.0909423828125,-1084.3568115234375,-0.265869140625,0.5892210602760315,0.08488067239522934,9,True,0.0,qmof-59f49ee,pristine,pristine
qmof-8deddd1.cif,84,-591.533935546875,-591.7324829101562,-0.19854736328125,0.6080427765846252,0.08867722749710083,8,True,0.0,qmof-8deddd1,pristine,pristine
qmof-b927353.cif,88,-618.6928100585938,-618.8629760742188,-0.170166015625,0.7192203998565674,0.09454699605703354,11,True,0.0,qmof-b927353,pristine,pristine
qmof-9bfdab6.cif,178,-1269.2598876953125,-1269.5257568359375,-0.265869140625,0.4462834298610687,0.09149609506130219,12,True,0.0,qmof-9bfdab6,pristine,pristine
qmof-bd899c1.cif,112,-830.8780517578125,-830.9735717773438,-0.09552001953125,0.4369562268257141,0.09468410164117813,6,True,0.0,qmof-bd899c1,pristine,pristine
qmof-73ded45_her_H.cif,55,-417.15570068359375,-418.4160461425781,-1.260345458984375,1.0725313425064087,0.09636297076940536,22,True,0.0,qmof-73ded45,her,H
qmof-dc7e5a3_her_H.cif,61,-430.7134704589844,-434.42926025390625,-3.715789794921875,3.3510348796844482,0.11292064189910889,40,False,0.0,qmof-dc7e5a3,her,H
qmof-571d405_her_H.cif,175,-1289.0997314453125,-1289.3148193359375,-0.215087890625,1.063728928565979,0.08958108723163605,29,True,0.0,qmof-571d405,her,H
qmof-b46c098_her_H.cif,55,-394.8698425292969,-396.92828369140625,-2.058441162109375,2.92291259765625,0.3143792152404785,40,False,0.0,qmof-b46c098,her,H
qmof-197ad3f_her_H.cif,85,-630.6774291992188,-631.302490234375,-0.62506103515625,1.1476613283157349,0.08979491144418716,12,True,0.0,qmof-197ad3f,her,H
qmof-599995e_her_H.cif,85,-630.0313110351562,-636.0962524414062,-6.06494140625,34.221797943115234,0.20819133520126343,40,False,0.0,qmof-599995e,her,H
qmof-5a2471d_her_H.cif,73,-570.013671875,-570.9702758789062,-0.95660400390625,1.5060484409332275,0.06189386546611786,26,True,0.0,qmof-5a2471d,her,H
qmof-07cc468_her_H.cif,187,-1203.3587646484375,-1208.5635986328125,-5.204833984375,9.036859512329102,0.17155416309833527,40,False,0.0,qmof-07cc468,her,H
qmof-dd825f1_her_H.cif,177,-1172.150390625,-1176.59423828125,-4.44384765625,23.66332244873047,0.09404933452606201,34,True,0.0,qmof-dd825f1,her,H
qmof-04b4379_her_H.cif,43,-270.4668273925781,-272.6248779296875,-2.158050537109375,8.83919620513916,1.7714967727661133,40,False,0.0,qmof-04b4379,her,H
qmof-02e961c_her_H.cif,154,-1085.6060791015625,-1087.7802734375,-2.1741943359375,3.1742217540740967,0.3677079677581787,40,False,0.0,qmof-02e961c,her,H
qmof-da6b9c1_her_H.cif,144,-976.6080322265625,-1001.4486694335938,-24.84063720703125,126.17061614990234,0.20188699662685394,40,False,0.0,qmof-da6b9c1,her,H
qmof-28c2c0e_her_H.cif,83,-581.62744140625,-583.0105590820312,-1.38311767578125,2.8676445484161377,0.17380134761333466,40,False,0.0,qmof-28c2c0e,her,H
qmof-59f49ee_her_H.cif,151,-1084.6226806640625,-1087.93017578125,-3.3074951171875,3.231874465942383,0.2930399477481842,40,False,0.0,qmof-59f49ee,her,H
qmof-8deddd1_her_H.cif,85,-592.5615844726562,-594.2761840820312,-1.714599609375,2.1752471923828125,0.09855690598487854,35,True,0.0,qmof-8deddd1,her,H
qmof-b927353_her_H.cif,89,-618.727783203125,-620.2728271484375,-1.5450439453125,8.091434478759766,0.08920395374298096,15,True,0.0,qmof-b927353,her,H
qmof-9bfdab6_her_H.cif,179,-1269.5755615234375,-1270.98095703125,-1.4053955078125,4.365543365478516,0.08464943617582321,32,True,0.0,qmof-9bfdab6,her,H
qmof-bd899c1_her_H.cif,113,-829.3743896484375,-834.0155639648438,-4.64117431640625,23.936777114868164,0.1488182246685028,40,False,0.0,qmof-bd899c1,her,H
qmof-73ded45_oer_OH.cif,56,-422.0948791503906,-426.4626159667969,-4.36773681640625,9.9391508102417,0.09830787032842636,33,True,0.0,qmof-73ded45,oer,OH
qmof-dc7e5a3_oer_OH.cif,62,-427.83892822265625,-443.60186767578125,-15.762939453125,11.19885540008545,0.24811165034770966,40,False,0.0,qmof-dc7e5a3,oer,OH
qmof-571d405_oer_OH.cif,176,-1296.129638671875,-1296.794921875,-0.665283203125,2.123589515686035,0.07911381870508194,29,True,0.0,qmof-571d405,oer,OH
qmof-b46c098_oer_OH.cif,56,-393.6499328613281,-403.21197509765625,-9.562042236328125,14.16520881652832,0.2334907203912735,40,False,0.0,qmof-b46c098,oer,OH
qmof-197ad3f_oer_OH.cif,86,-638.0411987304688,-639.3367919921875,-1.29559326171875,2.072913646697998,0.08181093633174896,31,True,0.0,qmof-197ad3f,oer,OH
qmof-599995e_oer_OH.cif,86,-627.1558227539062,-643.1475830078125,-15.99176025390625,49.13282775878906,0.20195133984088898,40,False,0.0,qmof-599995e,oer,OH
qmof-5a2471d_oer_OH.cif,74,-577.0614013671875,-579.3294677734375,-2.26806640625,3.672960042953491,0.14120423793792725,40,False,0.0,qmof-5a2471d,oer,OH
qmof-07cc468_oer_OH.cif,188,-1190.248291015625,-1214.3846435546875,-24.1363525390625,82.76836395263672,0.22782795131206512,40,False,0.0,qmof-07cc468,oer,OH
qmof-dd825f1_oer_OH.cif,178,-1148.5235595703125,-1180.2000732421875,-31.676513671875,157.3046112060547,0.09064735472202301,40,True,0.0,qmof-dd825f1,oer,OH
qmof-04b4379_oer_OH.cif,44,-269.8047180175781,-279.2331848144531,-9.428466796875,21.873384475708008,0.6767441630363464,40,False,0.0,qmof-04b4379,oer,OH
qmof-02e961c_oer_OH.cif,155,-1049.3447265625,-1095.658935546875,-46.314208984375,78.4403305053711,0.13638657331466675,40,False,0.0,qmof-02e961c,oer,OH
qmof-da6b9c1_oer_OH.cif,145,-1001.3955078125,-1008.4952392578125,-7.0997314453125,10.9384765625,0.9166415929794312,40,False,0.0,qmof-da6b9c1,oer,OH
qmof-28c2c0e_oer_OH.cif,84,-580.889404296875,-589.6026611328125,-8.7132568359375,11.530431747436523,0.3559359908103943,40,False,0.0,qmof-28c2c0e,oer,OH
qmof-59f49ee_oer_OH.cif,152,-1053.793212890625,-1093.031982421875,-39.23876953125,142.54574584960938,0.3248823583126068,40,False,0.0,qmof-59f49ee,oer,OH
qmof-8deddd1_oer_OH.cif,86,-594.9075317382812,-602.500732421875,-7.59320068359375,17.988367080688477,0.23949076235294342,40,False,0.0,qmof-8deddd1,oer,OH
qmof-b927353_oer_OH.cif,90,-581.5694580078125,-627.8759155273438,-46.30645751953125,139.02671813964844,0.4374356269836426,40,False,0.0,qmof-b927353,oer,OH
qmof-9bfdab6_oer_OH.cif,180,-1274.673095703125,-1279.3524169921875,-4.6793212890625,8.987853050231934,0.1252157986164093,40,False,0.0,qmof-9bfdab6,oer,OH
qmof-bd899c1_oer_OH.cif,114,-820.2049560546875,-843.3740234375,-23.1690673828125,58.53175735473633,3.137514352798462,40,False,0.0,qmof-bd899c1,oer,OH
qmof-73ded45_oer_O.cif,55,-417.61029052734375,-421.04437255859375,-3.43408203125,13.409719467163086,0.07841768860816956,29,True,0.0,qmof-73ded45,oer,O
qmof-dc7e5a3_oer_O.cif,61,-426.6803894042969,-438.9322204589844,-12.2518310546875,16.66744041442871,0.194135844707489,40,False,0.0,qmof-dc7e5a3,oer,O
qmof-571d405_oer_O.cif,175,-1290.27783203125,-1290.7608642578125,-0.4830322265625,1.6919002532958984,0.09715775400400162,23,True,0.0,qmof-571d405,oer,O
qmof-b46c098_oer_O.cif,55,-390.6875,-397.9843444824219,-7.296844482421875,10.698744773864746,0.15336576104164124,40,False,0.0,qmof-b46c098,oer,O
qmof-197ad3f_oer_O.cif,85,-632.6572265625,-633.5280151367188,-0.87078857421875,1.4664758443832397,0.08720186352729797,16,True,0.0,qmof-197ad3f,oer,O
qmof-599995e_oer_O.cif,85,-620.6581420898438,-641.480712890625,-20.82257080078125,336.1028747558594,5.466111660003662,40,False,0.0,qmof-599995e,oer,O
qmof-5a2471d_oer_O.cif,73,-572.0590209960938,-573.6541137695312,-1.5950927734375,3.61194109916687,0.07599648833274841,22,True,0.0,qmof-5a2471d,oer,O
qmof-07cc468_oer_O.cif,187,-1188.9305419921875,-1210.73193359375,-21.8013916015625,98.98670959472656,0.38018089532852173,40,False,0.0,qmof-07cc468,oer,O
qmof-dd825f1_oer_O.cif,177,-1142.4468994140625,-1176.0863037109375,-33.639404296875,210.47433471679688,0.07425715029239655,29,True,0.0,qmof-dd825f1,oer,O
qmof-04b4379_oer_O.cif,43,-268.7896423339844,-272.8541259765625,-4.064483642578125,15.341017723083496,0.8363676071166992,40,False,0.0,qmof-04b4379,oer,O
qmof-02e961c_oer_O.cif,154,-1074.582275390625,-1091.536376953125,-16.9541015625,17.546005249023438,0.21788348257541656,40,False,0.0,qmof-02e961c,oer,O
qmof-da6b9c1_oer_O.cif,144,-997.0629272460938,-1002.5601196289062,-5.4971923828125,310.67510986328125,0.8085977435112,40,False,0.0,qmof-da6b9c1,oer,O
qmof-28c2c0e_oer_O.cif,83,-577.7752075195312,-585.1859741210938,-7.4107666015625,12.603269577026367,0.4806395173072815,40,False,0.0,qmof-28c2c0e,oer,O
qmof-59f49ee_oer_O.cif,151,-1076.83056640625,-1090.0455322265625,-13.2149658203125,10.334155082702637,0.3006189465522766,40,False,0.0,qmof-59f49ee,oer,O
qmof-8deddd1_oer_O.cif,85,-591.6002197265625,-596.0821533203125,-4.48193359375,7.38229513168335,0.20256657898426056,40,False,0.0,qmof-8deddd1,oer,O
qmof-b927353_oer_O.cif,89,-602.4061279296875,-621.7821044921875,-19.3759765625,106.7232437133789,0.5453130006790161,40,False,0.0,qmof-b927353,oer,O
qmof-9bfdab6_oer_O.cif,179,-1269.10986328125,-1273.2684326171875,-4.1585693359375,14.409407615661621,0.09370490163564682,23,True,0.0,qmof-9bfdab6,oer,O
qmof-bd899c1_oer_O.cif,113,-824.6620483398438,-839.1795043945312,-14.5174560546875,11.781915664672852,1.2368342876434326,40,False,0.0,qmof-bd899c1,oer,O
qmof-73ded45_oer_OOH.cif,57,-411.69671630859375,-431.14874267578125,-19.4520263671875,31.51445960998535,0.33534562587738037,40,False,0.0,qmof-73ded45,oer,OOH
qmof-dc7e5a3_oer_OOH.cif,63,-418.3046569824219,-448.4068603515625,-30.102203369140625,36.410736083984375,0.3685498535633087,40,False,0.0,qmof-dc7e5a3,oer,OOH
qmof-571d405_oer_OOH.cif,177,-1292.568359375,-1300.0888671875,-7.5205078125,44.05024719238281,0.09599383175373077,35,True,0.0,qmof-571d405,oer,OOH
qmof-b46c098_oer_OOH.cif,57,-378.2739562988281,-406.8962097167969,-28.62225341796875,37.401405334472656,0.4384242296218872,40,False,0.0,qmof-b46c098,oer,OOH
qmof-197ad3f_oer_OOH.cif,87,-632.877685546875,-642.314453125,-9.436767578125,43.50197982788086,0.1229608878493309,40,False,0.0,qmof-197ad3f,oer,OOH
qmof-599995e_oer_OOH.cif,87,-620.3145141601562,-639.3442993164062,-19.02978515625,40.60652542114258,2.2004945278167725,40,False,0.0,qmof-599995e,oer,OOH
qmof-5a2471d_oer_OOH.cif,75,-569.3367919921875,-581.8399047851562,-12.50311279296875,45.01536560058594,0.3876775801181793,40,False,0.0,qmof-5a2471d,oer,OOH
qmof-07cc468_oer_OOH.cif,189,-1186.72216796875,-1219.4765625,-32.75439453125,75.1882095336914,0.3928128182888031,40,False,0.0,qmof-07cc468,oer,OOH
qmof-dd825f1_oer_OOH.cif,179,-1144.670654296875,-1185.9197998046875,-41.2491455078125,139.87347412109375,0.20791476964950562,40,False,0.0,qmof-dd825f1,oer,OOH
qmof-04b4379_oer_OOH.cif,45,-261.1164245605469,-283.1874694824219,-22.071044921875,39.06352233886719,0.1682286411523819,40,False,0.0,qmof-04b4379,oer,OOH
qmof-02e961c_oer_OOH.cif,156,-1075.289794921875,-1100.2816162109375,-24.9918212890625,62.811336517333984,0.4636361598968506,40,False,0.0,qmof-02e961c,oer,OOH
qmof-da6b9c1_oer_OOH.cif,146,-996.3969116210938,-1012.9298095703125,-16.53289794921875,28.64963150024414,0.4698655307292938,40,False,0.0,qmof-da6b9c1,oer,OOH
qmof-28c2c0e_oer_OOH.cif,85,-576.9650268554688,-594.2954711914062,-17.3304443359375,40.59219741821289,0.28600722551345825,40,False,0.0,qmof-28c2c0e,oer,OOH
qmof-59f49ee_oer_OOH.cif,153,-1065.005615234375,-1098.9072265625,-33.901611328125,61.10447692871094,3.2365458011627197,40,False,0.0,qmof-59f49ee,oer,OOH
qmof-8deddd1_oer_OOH.cif,87,-586.7359619140625,-605.8218994140625,-19.0859375,40.43775939941406,0.20707367360591888,40,False,0.0,qmof-8deddd1,oer,OOH
qmof-b927353_oer_OOH.cif,91,-572.6298828125,-631.230224609375,-58.600341796875,145.6696319580078,0.25434067845344543,40,False,0.0,qmof-b927353,oer,OOH
qmof-9bfdab6_oer_OOH.cif,181,-1265.13623046875,-1282.7491455078125,-17.6129150390625,41.37724685668945,0.1501280814409256,40,False,0.0,qmof-9bfdab6,oer,OOH
qmof-bd899c1_oer_OOH.cif,115,-813.1221313476562,-844.11376953125,-30.99163818359375,145.59390258789062,0.21181201934814453,40,False,0.0,qmof-bd899c1,oer,OOH
qmof-73ded45_co2rr_COOH.cif,58,-427.4827880859375,-442.14739990234375,-14.66461181640625,11.156798362731934,0.1759537011384964,40,False,0.0,qmof-73ded45,co2rr,COOH
qmof-dc7e5a3_co2rr_COOH.cif,64,-431.0115661621094,-458.02142333984375,-27.009857177734375,19.3651180267334,0.42149922251701355,40,False,0.0,qmof-dc7e5a3,co2rr,COOH
qmof-571d405_co2rr_COOH.cif,178,-1305.79150390625,-1314.1553955078125,-8.3638916015625,9.819992065429688,0.20368531346321106,40,False,0.0,qmof-571d405,co2rr,COOH
qmof-b46c098_co2rr_COOH.cif,58,-391.4978332519531,-419.7366943359375,-28.238861083984375,14.580277442932129,0.6510375142097473,40,False,0.0,qmof-b46c098,co2rr,COOH
qmof-197ad3f_co2rr_COOH.cif,88,-645.5505981445312,-655.0664672851562,-9.515869140625,9.70865535736084,1.7198578119277954,40,False,0.0,qmof-197ad3f,co2rr,COOH
qmof-599995e_co2rr_COOH.cif,88,-625.3610229492188,-653.0486450195312,-27.6876220703125,20.695844650268555,3.1555612087249756,40,False,0.0,qmof-599995e,co2rr,COOH
qmof-5a2471d_co2rr_COOH.cif,76,-584.7694091796875,-595.189453125,-10.4200439453125,8.647749900817871,0.10730452835559845,40,False,0.0,qmof-5a2471d,co2rr,COOH
qmof-07cc468_co2rr_COOH.cif,190,-1190.617919921875,-1231.168212890625,-40.55029296875,95.03498840332031,0.39451614022254944,40,False,0.0,qmof-07cc468,co2rr,COOH
qmof-dd825f1_co2rr_COOH.cif,180,-1157.0596923828125,-1199.9940185546875,-42.934326171875,115.0284652709961,0.22592712938785553,40,False,0.0,qmof-dd825f1,co2rr,COOH
qmof-04b4379_co2rr_COOH.cif,46,-259.9996643066406,-286.71624755859375,-26.716583251953125,95.42192840576172,2.0341877937316895,40,False,0.0,qmof-04b4379,co2rr,COOH
qmof-02e961c_co2rr_COOH.cif,157,-1084.2308349609375,-1103.7996826171875,-19.56884765625,345.77642822265625,2.3892345428466797,40,False,0.0,qmof-02e961c,co2rr,COOH
qmof-da6b9c1_co2rr_COOH.cif,147,-996.0859985351562,-1021.0726928710938,-24.9866943359375,16.08591651916504,3.7632670402526855,40,False,0.0,qmof-da6b9c1,co2rr,COOH
qmof-28c2c0e_co2rr_COOH.cif,86,-577.7861938476562,-603.059814453125,-25.27362060546875,21.99285125732422,0.21520568430423737,40,False,0.0,qmof-28c2c0e,co2rr,COOH
qmof-59f49ee_co2rr_COOH.cif,154,-1061.4188232421875,-1108.6737060546875,-47.2548828125,88.96771240234375,1.0971519947052002,40,False,0.0,qmof-59f49ee,co2rr,COOH
qmof-8deddd1_co2rr_COOH.cif,88,-602.5884399414062,-617.6156005859375,-15.02716064453125,14.216773986816406,0.1477445662021637,40,False,0.0,qmof-8deddd1,co2rr,COOH
qmof-b927353_co2rr_COOH.cif,92,-590.8893432617188,-627.8580322265625,-36.96868896484375,16.353540420532227,1.5526365041732788,40,False,0.0,qmof-b927353,co2rr,COOH
qmof-9bfdab6_co2rr_COOH.cif,182,-1265.6361083984375,-1296.6419677734375,-31.005859375,27.406463623046875,0.4223840534687042,40,False,0.0,qmof-9bfdab6,co2rr,COOH
qmof-bd899c1_co2rr_COOH.cif,116,-819.6595458984375,-850.8475341796875,-31.18798828125,22.0060977935791,6.703503131866455,40,False,0.0,qmof-bd899c1,co2rr,COOH
qmof-73ded45_co2rr_CO.cif,56,-429.97943115234375,-431.7118225097656,-1.732391357421875,1.7493116855621338,0.2333887666463852,40,False,0.0,qmof-73ded45,co2rr,CO
qmof-dc7e5a3_co2rr_CO.cif,62,-440.8265075683594,-447.3639221191406,-6.53741455078125,14.898677825927734,0.1520909070968628,40,False,0.0,qmof-dc7e5a3,co2rr,CO
qmof-571d405_co2rr_CO.cif,176,-1302.3919677734375,-1302.71875,-0.3267822265625,2.2846906185150146,0.08720864355564117,26,True,0.0,qmof-571d405,co2rr,CO
qmof-b46c098_co2rr_CO.cif,56,-402.10980224609375,-408.43218994140625,-6.3223876953125,8.607501029968262,0.18323257565498352,40,False,0.0,qmof-b46c098,co2rr,CO
qmof-197ad3f_co2rr_CO.cif,86,-643.7293701171875,-644.3043212890625,-0.574951171875,0.9875079393386841,0.06332824379205704,13,True,0.0,qmof-197ad3f,co2rr,CO
qmof-599995e_co2rr_CO.cif,86,-620.9183349609375,-643.3191528320312,-22.40081787109375,44.19941711425781,6.768022060394287,40,False,0.0,qmof-599995e,co2rr,CO
qmof-5a2471d_co2rr_CO.cif,74,-582.7362670898438,-584.0609130859375,-1.32464599609375,1.8549067974090576,0.3039032220840454,40,False,0.0,qmof-5a2471d,co2rr,CO
qmof-07cc468_co2rr_CO.cif,188,-1188.9930419921875,-1218.86962890625,-29.8765869140625,115.8055648803711,1.5058413743972778,40,False,0.0,qmof-07cc468,co2rr,CO
qmof-dd825f1_co2rr_CO.cif,178,-1163.3526611328125,-1188.667236328125,-25.3145751953125,117.3802490234375,0.19015301764011383,40,False,0.0,qmof-dd825f1,co2rr,CO
qmof-04b4379_co2rr_CO.cif,44,-282.9633483886719,-285.4165344238281,-2.45318603515625,8.344544410705566,0.08053335547447205,33,True,0.0,qmof-04b4379,co2rr,CO
qmof-02e961c_co2rr_CO.cif,155,-1041.400634765625,-1098.91845703125,-57.517822265625,93.21473693847656,0.2890699505805969,40,False,0.0,qmof-02e961c,co2rr,CO
qmof-da6b9c1_co2rr_CO.cif,145,-979.09521484375,-1008.083251953125,-28.988037109375,73.5630111694336,1.6422451734542847,40,False,0.0,qmof-da6b9c1,co2rr,CO
qmof-28c2c0e_co2rr_CO.cif,84,-590.8121948242188,-595.5133666992188,-4.701171875,11.05919075012207,0.3421362340450287,40,False,0.0,qmof-28c2c0e,co2rr,CO
qmof-59f49ee_co2rr_CO.cif,152,-1036.1815185546875,-1086.593994140625,-50.4124755859375,27.288183212280273,4.555696487426758,40,False,0.0,qmof-59f49ee,co2rr,CO
qmof-8deddd1_co2rr_CO.cif,86,-604.7457885742188,-607.1828002929688,-2.43701171875,3.4429190158843994,0.14051572978496552,40,False,0.0,qmof-8deddd1,co2rr,CO
qmof-b927353_co2rr_CO.cif,90,-600.1182250976562,-622.00537109375,-21.88714599609375,345.334228515625,1.2471535205841064,40,False,0.0,qmof-b927353,co2rr,CO
qmof-9bfdab6_co2rr_CO.cif,180,-1281.771728515625,-1284.6749267578125,-2.9031982421875,4.731795787811279,0.0788869708776474,39,True,0.0,qmof-9bfdab6,co2rr,CO
qmof-bd899c1_co2rr_CO.cif,114,-808.2267456054688,-837.03369140625,-28.80694580078125,79.29930114746094,29.163745880126953,40,False,0.0,qmof-bd899c1,co2rr,CO
qmof-73ded45_co2rr_OCHO.cif,58,-420.9835205078125,-441.6939392089844,-20.710418701171875,21.406585693359375,0.14233379065990448,40,False,0.0,qmof-73ded45,co2rr,OCHO
qmof-dc7e5a3_co2rr_OCHO.cif,64,-422.5309143066406,-457.72998046875,-35.199066162109375,27.829442977905273,0.4232107996940613,40,False,0.0,qmof-dc7e5a3,co2rr,OCHO
qmof-571d405_co2rr_OCHO.cif,178,-1301.6727294921875,-1313.4095458984375,-11.73681640625,18.43732261657715,0.8662011623382568,40,False,0.0,qmof-571d405,co2rr,OCHO
qmof-b46c098_co2rr_OCHO.cif,58,-381.3346252441406,-418.0248107910156,-36.690185546875,20.689146041870117,0.4521740674972534,40,False,0.0,qmof-b46c098,co2rr,OCHO
qmof-197ad3f_co2rr_OCHO.cif,88,-641.6748046875,-655.5975341796875,-13.9227294921875,21.685955047607422,0.3431360423564911,40,False,0.0,qmof-197ad3f,co2rr,OCHO
qmof-599995e_co2rr_OCHO.cif,88,-622.2254638671875,-659.7373046875,-37.5118408203125,17.852035522460938,0.3951534628868103,40,False,0.0,qmof-599995e,co2rr,OCHO
qmof-5a2471d_co2rr_OCHO.cif,76,-578.3303833007812,-596.4401245117188,-18.1097412109375,18.93747329711914,0.11881764233112335,40,False,0.0,qmof-5a2471d,co2rr,OCHO
qmof-07cc468_co2rr_OCHO.cif,190,-1185.85302734375,-1228.434326171875,-42.581298828125,56.601558685302734,0.3174755275249481,40,False,0.0,qmof-07cc468,co2rr,OCHO
qmof-dd825f1_co2rr_OCHO.cif,180,-1152.5723876953125,-1198.5411376953125,-45.96875,90.62843322753906,0.3248879313468933,40,False,0.0,qmof-dd825f1,co2rr,OCHO
qmof-04b4379_co2rr_OCHO.cif,46,-264.06109619140625,-288.0058898925781,-23.944793701171875,24.833539962768555,2.109217405319214,40,False,0.0,qmof-04b4379,co2rr,OCHO
qmof-02e961c_co2rr_OCHO.cif,157,-1052.0045166015625,-1103.8824462890625,-51.8779296875,135.18301391601562,1.7116234302520752,40,False,0.0,qmof-02e961c,co2rr,OCHO
qmof-da6b9c1_co2rr_OCHO.cif,147,-992.95751953125,-1020.41015625,-27.45263671875,65.96106719970703,3.8606984615325928,40,False,0.0,qmof-da6b9c1,co2rr,OCHO
qmof-28c2c0e_co2rr_OCHO.cif,86,-583.0232543945312,-604.24951171875,-21.22625732421875,16.44654655456543,0.47755834460258484,40,False,0.0,qmof-28c2c0e,co2rr,OCHO
qmof-59f49ee_co2rr_OCHO.cif,154,-1052.046630859375,-1104.9945068359375,-52.9478759765625,76.3404769897461,4.141219615936279,40,False,0.0,qmof-59f49ee,co2rr,OCHO
qmof-8deddd1_co2rr_OCHO.cif,88,-593.966064453125,-618.5172119140625,-24.5511474609375,26.768720626831055,0.2868466377258301,40,False,0.0,qmof-8deddd1,co2rr,OCHO
qmof-b927353_co2rr_OCHO.cif,92,-560.2963256835938,-644.6784057617188,-84.382080078125,56.258663177490234,0.37316766381263733,40,False,0.0,qmof-b927353,co2rr,OCHO
qmof-9bfdab6_co2rr_OCHO.cif,182,-1276.01513671875,-1292.4071044921875,-16.3919677734375,17.82988929748535,0.34991371631622314,40,False,0.0,qmof-9bfdab6,co2rr,OCHO
qmof-bd899c1_co2rr_OCHO.cif,116,-817.6400756835938,-845.7070922851562,-28.0670166015625,71.52213287353516,1.4353232383728027,40,False,0.0,qmof-bd899c1,co2rr,OCHO
