qmof_id,name,info.formula,info.formula_reduced,info.mofid.mofid,info.mofid.mofkey,info.mofid.smiles_nodes,info.mofid.smiles_linkers,info.mofid.smiles,info.mofid.topology,info.natoms,info.pld,info.lcd,info.density,info.volume,info.symmetry.spacegroup,info.symmetry.spacegroup_number,info.symmetry.spacegroup_crystal,info.symmetry.pointgroup,info.synthesized,info.source,info.doi,inputs.pbe.theory,inputs.pbe.pseudopotentials,inputs.pbe.encut,inputs.pbe.kpoints,inputs.pbe.gamma,inputs.pbe.spin,outputs.pbe.energy_total,outputs.pbe.energy_vdw,outputs.pbe.energy_elec,outputs.pbe.net_magmom,outputs.pbe.bandgap,outputs.pbe.cbm,outputs.pbe.vbm,outputs.pbe.directgap,outputs.pbe.bandgap_spins,outputs.pbe.cbm_spins,outputs.pbe.vbm_spins,outputs.pbe.directgap_spins,inputs.hle17.theory,inputs.hle17.pseudopotentials,inputs.hle17.encut,inputs.hle17.kpoints,inputs.hle17.gamma,inputs.hle17.spin,inputs.hse06_10hf.theory,inputs.hse06_10hf.pseudopotentials,inputs.hse06_10hf.encut,inputs.hse06_10hf.kpoints,inputs.hse06_10hf.gamma,inputs.hse06_10hf.spin,inputs.hse06.theory,inputs.hse06.pseudopotentials,inputs.hse06.encut,inputs.hse06.kpoints,inputs.hse06.gamma,inputs.hse06.spin,outputs.hle17.energy_total,outputs.hle17.energy_vdw,outputs.hle17.energy_elec,outputs.hle17.net_magmom,outputs.hle17.bandgap,outputs.hle17.cbm,outputs.hle17.vbm,outputs.hle17.directgap,outputs.hle17.bandgap_spins,outputs.hle17.cbm_spins,outputs.hle17.vbm_spins,outputs.hle17.directgap_spins,outputs.hse06_10hf.energy_total,outputs.hse06_10hf.energy_vdw,outputs.hse06_10hf.energy_elec,outputs.hse06_10hf.net_magmom,outputs.hse06_10hf.bandgap,outputs.hse06_10hf.cbm,outputs.hse06_10hf.vbm,outputs.hse06_10hf.directgap,outputs.hse06_10hf.bandgap_spins,outputs.hse06_10hf.cbm_spins,outputs.hse06_10hf.vbm_spins,outputs.hse06_10hf.directgap_spins,outputs.hse06.energy_total,outputs.hse06.energy_vdw,outputs.hse06.energy_elec,outputs.hse06.net_magmom,outputs.hse06.bandgap,outputs.hse06.cbm,outputs.hse06.vbm,outputs.hse06.directgap,outputs.hse06.bandgap_spins,outputs.hse06.cbm_spins,outputs.hse06.vbm_spins,outputs.hse06.directgap_spins,target_metals,primary_metal,has_target_metal
qmof-73ded45,SATNOR01_FSR,Co6C24H6O18,CoC4HO3,,,['[Co]'],['[O-]C(=O)c1cc([O])c(cc1[O])C(=O)[O-]'],[Co].[O-]C(=O)c1cc([O])c(cc1[O])C(=O)[O-],,54,10.98654,11.78574,1.164695229,1334.328959,R-3,148,trigonal,-3,True,CSD,https://doi.org/10.1002/anie.200501508,PBE-D3BJ,"['Co 02Aug2007', 'H 15Jun2001', 'C 08Apr2002', 'O 08Apr2002']",520,"[4, 2, 2]",False,True,-403.6608299,-4.22366,-399.4371699,18.0,0.268982,-1.374598,-1.64358,False,"[1.755593, 0.26898200000000005]","[-0.089086, -1.374598]","[-1.844679, -1.64358]","[False, False]",HLE17//PBE-D3BJ,"['Co 02Aug2007', 'H 15Jun2001', 'C 08Apr2002', 'O 08Apr2002']",520.0,"[3, 1, 1]",True,True,HSE06-D3BJ-HF10//PBE-D3BJ,"['Co 02Aug2007', 'H 15Jun2001', 'C 08Apr2002', 'O 08Apr2002']",520.0,"[3, 1, 1]",True,True,HSE06-D3BJ//PBE-D3BJ,"['Co 02Aug2007', 'H 15Jun2001', 'C 08Apr2002', 'O 08Apr2002']",520.0,"[3, 1, 1]",True,True,-4581.622869,0.0,-4581.622869,18.0,0.111845,-3.386358,-3.498203,False,"[2.289302, 0.1118450000000002]","[-1.753653, -3.386358]","[-4.042955, -3.498203]","[False, False]",-441.2611052,-3.72211,-437.5389952,18.0,1.432453,-0.758228,-2.190681,False,"[2.329013, 1.4324530000000002]","[0.050335, -0.758228]","[-2.278678, -2.190681]","[False, False]",-501.108559,-3.72211,-497.386449,18.0,2.716522,0.060764,-2.655758,False,"[2.925479, 2.769036]","[0.269721, 0.060764]","[-2.655758, -2.708272]","[False, True]",['Co'],Co,True
qmof-dc7e5a3,KOSKUA_FSR,Co6C24H12O18,CoC4H2O3,,,['[CoH]'],['[O-]C(=O)c1cc([O])c(cc1[O])C(=O)[O-]'],[CoH].[O-]C(=O)c1cc([O])c(cc1[O])C(=O)[O-],,60,10.08865,10.76967,1.274869128,1226.893711,R-3,148,trigonal,-3,True,CSD,https://doi.org/10.1021/ja506230r,PBE-D3BJ,"['Co 02Aug2007', 'H 15Jun2001', 'C 08Apr2002', 'O 08Apr2002']",520,"[4, 1, 1]",True,False,-423.6605641,-4.71459,-418.9459741,0.0,1.071221,-0.602786,-1.674007,True,"[None, None]","[None, None]","[None, None]","[None, None]",HLE17//PBE-D3BJ,"['Co 02Aug2007', 'H 15Jun2001', 'C 08Apr2002', 'O 08Apr2002']",520.0,"[3, 1, 1]",True,False,HSE06-D3BJ-HF10//PBE-D3BJ,"['Co 02Aug2007', 'H 15Jun2001', 'C 08Apr2002', 'O 08Apr2002']",520.0,"[3, 1, 1]",True,False,HSE06-D3BJ//PBE-D3BJ,"['Co 02Aug2007', 'H 15Jun2001', 'C 08Apr2002', 'O 08Apr2002']",520.0,"[3, 1, 1]",True,False,-4605.79778,0.0,-4605.79778,0.0,0.735872,-2.939702,-3.675574,True,"[None, None]","[None, None]","[None, None]","[None, None]",-460.3779941,-4.10766,-456.2703341,0.0,2.116526,-0.321525,-2.438051,False,"[None, None]","[None, None]","[None, None]","[None, None]",-518.1565393,-4.10766,-514.0488793,0.0,2.932894,0.002073,-2.930821,False,"[None, None]","[None, None]","[None, None]","[None, None]",['Co'],Co,True
qmof-571d405,core_KOJZEP_manual,Cu6C96H36N12O24,CuC16H6N2O4,N#Cc1cc(ccc1c1ccc(cc1C#N)C(=O)[O-])C(=O)[O-].[Cu][Cu] MOFid-v1.nbo.cat0,Cu.LYTLEAAZOOAVMH.MOFkey-v1.nbo,['[Cu][Cu]'],['N#Cc1cc(ccc1c1ccc(cc1C#N)C(=O)[O-])C(=O)[O-]'],N#Cc1cc(ccc1c1ccc(cc1C#N)C(=O)[O-])C(=O)[O-].[Cu][Cu],nbo,174,14.14613,15.86148,0.508617998,6930.056801,R-3m,166,trigonal,-3m,True,CoRE,,PBE-D3BJ,"['Cu 22Jun2005', 'H 15Jun2001', 'C 08Apr2002', 'N 08Apr2002', 'O 08Apr2002']",520,"[2, 1, 1]",True,True,-1278.86504,-9.25555,-1269.60949,0.0,0.965399,-3.650857,-4.616256,False,"[0.9653990000000001, 0.966825]","[-3.650857, -3.649902]","[-4.616256, -4.616727]","[False, False]",,,,,,,,,,,,,,,,,,,,,,,,,,,,,,,,,,,,,,,,,,,,,,,,,,,,,,,['Cu'],Cu,True
qmof-b46c098,COKNIB_FSR,Cu6C24H6O18,CuC4HO3,,,['[Cu]'],['[O-]C(=O)c1cc([O])c(cc1[O])C(=O)[O-]'],[Cu].[O-]C(=O)c1cc([O])c(cc1[O])C(=O)[O-],,54,10.73598,11.47509,1.299191375,1231.56993,R-3,148,trigonal,-3,True,CSD,https://doi.org/10.1039/C4SC02064B,PBE-D3BJ,"['Cu 22Jun2005', 'H 15Jun2001', 'C 08Apr2002', 'O 08Apr2002']",520,"[4, 1, 1]",True,True,-383.6430955,-4.63783,-379.0052655,2.0,0.241124,-1.703931,-1.945055,False,"[0.44928499999999993, 0.4000809999999999]","[-1.49577, -1.703931]","[-1.945055, -2.104012]","[False, False]",,,,,,,,,,,,,,,,,,,,,,,,,,,,,,,,,,,,,,,,,,,,,,,,,,,,,,,['Cu'],Cu,True
qmof-197ad3f,HAYZAL_FSR,Fe6C36Cl6H12N18O6,FeC6ClH2N3O,,,"['Cl[Fe]', 'Cl[Fe]Cl', '[Fe]']","['N1=NC2=C[C]3C(=CC2=N1)Oc1c(O3)cc2=N[N]N=c2c1', 'N1=NC2=C[C]3C(=CC2=N1)Oc1c(O3)cc2c(c1)[N]N=N2', 'N1=N[C]2C(=N1)C=C1C(=C2)O[C]2C(=CC3=NN=NC3=C2)O1']",Cl[Fe].Cl[Fe]Cl.N1=NC2=C[C]3C(=CC2=N1)Oc1c(O3)cc2=N[N]N=c2c1.N1=NC2=C[C]3C(=CC2=N1)Oc1c(O3)cc2c(c1)[N]N=N2.N1=N[C]2C(=N1)C=C1C(=C2)O[C]2C(=CC3=NN=NC3=C2)O1.[Fe],,84,18.49358,19.12546,0.615065891,3618.738233,R-3m,166,trigonal,-3m,True,CSD,https://doi.org/10.1038/nature23674,PBE-D3BJ,"['Fe 06Sep2000', 'H 15Jun2001', 'C 08Apr2002', 'N 08Apr2002', 'Cl 06Sep2000', 'O 08Apr2002']",520,"[4, 1, 1]",True,True,-623.303123,-6.29297,-617.010153,24.0,0.153444,-2.431553,-2.584997,True,"[2.3719609999999998, 0.1534439999999999]","[-0.917492, -2.431553]","[-3.289453, -2.584997]","[False, True]",,,,,,,,,,,,,,,,,,,,,,,,,,,,,,,,,,,,,,,,,,,,,,,,,,,,,,,['Fe'],Fe,True
qmof-599995e,MALSIE_FSR,Fe6C42H18O18,FeC7H3O3,,,,,,,84,16.92486,16.98959,0.680100614,2797.231862,P3_221,154,trigonal,32,True,CSD,https://doi.org/10.1021/acs.chemmater.5b04538,PBE-D3BJ,"['Fe 06Sep2000', 'H 15Jun2001', 'C 08Apr2002', 'O 08Apr2002']",520,"[4, 1, 1]",True,True,-623.0238605,-6.04228,-616.9815805,24.0,0.589529,-1.966704,-2.556233,False,"[2.018422, 0.5895290000000002]","[-0.932113, -1.966704]","[-2.950535, -2.556233]","[True, False]",,,,,,,,,,,,,,,,,,,,,,,,,,,,,,,,,,,,,,,,,,,,,,,,,,,,,,,['Fe'],Fe,True
qmof-5a2471d,CADYOZ_FSR,Mn6C36H12O18,MnC6H2O3,,,['[Mn]'],['[O-]C(=O)c1ccc2c(c1[O])ccc(c2[O])C(=O)[O-]'],[Mn].[O-]C(=O)c1ccc2c(c1[O])ccc(c2[O])C(=O)[O-],,72,11.79355,13.0208,0.990417454,1780.718959,R-3,148,trigonal,-3,True,CSD,,PBE-D3BJ,"['Mn_pv 02Aug2007', 'H 15Jun2001', 'C 08Apr2002', 'O 08Apr2002']",520,"[4, 1, 1]",True,True,-556.7912985,-5.87508,-550.9162185,30.0,1.024971,-0.515493,-1.540464,False,"[1.422045, 1.6485269999999999]","[-0.118419, -0.515493]","[-1.540464, -2.16402]","[True, False]",,,,,,,,,,,,,,,,,,,,,,,,,,,,,,,,,,,,,,,,,,,,,,,,,,,,,,,['Mn'],Mn,True
qmof-07cc468,JOYKOZ_FSR,Mn6C66H84N12O18,MnC11H14N2O3,,,,,,,186,11.32804,11.47463,0.981441274,2813.815243,P3_221,154,trigonal,32,True,CSD,https://doi.org/10.1038/nature14327,PBE-D3BJ,"['Mn_pv 02Aug2007', 'H 15Jun2001', 'C 08Apr2002', 'N 08Apr2002', 'O 08Apr2002']",520,"[3, 1, 1]",True,True,-1193.996028,-13.22694,-1180.769088,24.0,0.574406,-0.444057,-1.018463,False,"[0.574406, 1.5481580000000001]","[-0.444057, 0.224158]","[-1.018463, -1.324]","[False, False]",,,,,,,,,,,,,,,,,,,,,,,,,,,,,,,,,,,,,,,,,,,,,,,,,,,,,,,['Mn'],Mn,True
qmof-dd825f1,GELXUS_FSR,Mo4C68H72N16O16,MoC17H18N4O4,,,,,,,176,4.85213,5.27637,1.310352222,2221.681652,C2/c,15,monoclinic,2/m,True,CSD,,PBE-D3BJ,"['Mo_sv 02Feb2006', 'H 15Jun2001', 'C 08Apr2002', 'N 08Apr2002', 'O 08Apr2002']",520,"[1, 1, 1]",True,False,-1181.837674,-13.09614,-1168.741534,0.0,1.400817,0.763971,-0.636846,True,"[None, None]","[None, None]","[None, None]","[None, None]",,,,,,,,,,,,,,,,,,,,,,,,,,,,,,,,,,,,,,,,,,,,,,,,,,,,,,,['Mo'],Mo,True
qmof-04b4379,ZOMNEW_FSR,MoZnC14H18N4O4,MoZnC14H18N4O4,,,,,,,42,4.43754,5.9534,1.258196231,617.2152193,C2,5,monoclinic,2,True,CSD,https://doi.org/10.1039/C4CC03478C,PBE-D3BJ,"['Zn 06Sep2000', 'Mo_sv 02Feb2006', 'H 15Jun2001', 'C 08Apr2002', 'N 08Apr2002', 'O 08Apr2002']",520,"[3, 2, 2]",True,False,-271.3970209,-2.86421,-268.5328109,0.0,2.804367,1.036276,-1.768091,False,"[None, None]","[None, None]","[None, None]","[None, None]",,,,,,,,,,,,,,,,,,,,,,,,,,,,,,,,,,,,,,,,,,,,,,,,,,,,,,,"['Mo', 'Zn']",Mo,True
qmof-02e961c,PESSUE_FSR,Ni3C78H48N12O12,NiC26H16N4O4,,,['[Ni]'],"['[O-]C(=O)C(=O)[O-]', 'n1ccc(cc1)c1ccc(cc1)C1=NC(=[N]=C([N]1)c1ccc(cc1)c1ccncc1)c1ccc(cc1)c1ccncc1']",[Ni].[O-]C(=O)C(=O)[O-].n1ccc(cc1)c1ccc(cc1)C1=NC(=[N]=C([N]1)c1ccc(cc1)c1ccncc1)c1ccc(cc1)c1ccncc1,,153,35.34426,35.68217,0.320092623,7892.380755,P6,168,hexagonal,6,True,CSD,https://doi.org/10.1002/adma.201704350,PBE-D3BJ,"['Ni 02Aug2007', 'H 15Jun2001', 'C 08Apr2002', 'N 08Apr2002', 'O 08Apr2002']",520,"[7, 1, 1]",True,True,-1084.935816,-8.18055,-1076.755266,6.0,0.282594,-2.317789,-2.600383,False,"[0.282594, 0.8608099999999999]","[-2.317789, -2.314944]","[-2.600383, -3.175754]","[False, True]",,,,,,,,,,,,,,,,,,,,,,,,,,,,,,,,,,,,,,,,,,,,,,,,,,,,,,,['Ni'],Ni,True
qmof-da6b9c1,PESSOY_FSR,Ni3C72H48N8O12,Ni3C72H48N8O12,,,['[Ni]'],"['[O-]C(=O)C(=O)[O-]', 'n1ccc(cc1)c1ccc(cc1)N(c1ccc(cc1)c1ccncc1)c1ccc(cc1)c1ccncc1']",[Ni].[O-]C(=O)C(=O)[O-].n1ccc(cc1)c1ccc(cc1)N(c1ccc(cc1)c1ccncc1)c1ccc(cc1)c1ccncc1,,143,30.58127,30.91686,0.37484516,6172.12918,P622,177,hexagonal,622,True,CSD,https://doi.org/10.1002/adma.201704350,PBE-D3BJ,"['Ni 02Aug2007', 'H 15Jun2001', 'C 08Apr2002', 'N 08Apr2002', 'O 08Apr2002']",520,"[6, 1, 1]",True,True,-997.3486237,-8.0689,-989.2797237,2.0,0.759154,-1.60357,-2.362724,False,"[0.7591540000000001, 0.7618070000000001]","[-1.60357, -1.601009]","[-2.362724, -2.362816]","[False, False]",,,,,,,,,,,,,,,,,,,,,,,,,,,,,,,,,,,,,,,,,,,,,,,,,,,,,,,['Ni'],Ni,True
qmof-28c2c0e,QAKWUX_FSR,Ru2C38F16H12N4O10,RuC19F8H6N2O5,,,['[Ru][Ru]'],['COc1cc([N]C#N)c(cc1[N]C#N)OC'],COc1cc([N]C#N)c(cc1[N]C#N)OC.[Ru][Ru],,82,5.32412,7.02831,1.234109197,1602.045812,P-1,2,triclinic,-1,True,CSD,https://doi.org/10.1021/acs.inorgchem.5b02858,PBE-D3BJ,"['H 15Jun2001', 'Ru_pv 28Jan2005', 'C 08Apr2002', 'N 08Apr2002', 'O 08Apr2002', 'F 08Apr2002']",520,"[2, 2, 1]",True,True,-567.9341579,-5.12354,-562.8106179,0.0,0.467115,-1.044957,-1.512072,False,"[0.46711500000000017, 0.4671409999999998]","[-1.044957, -1.044936]","[-1.512072, -1.512077]","[False, False]",,,,,,,,,,,,,,,,,,,,,,,,,,,,,,,,,,,,,,,,,,,,,,,,,,,,,,,['Ru'],Ru,True
qmof-59f49ee,CUMMEE_FSR,Cd4Ru2C72H36N12O24,Cd2RuC36H18N6O12,,,"['[Cd][Cd]', '[Ru]']",['[O-]C(=O)c1ccnc(c1)c1nccc(c1)C(=O)[O-]'],[Cd][Cd].[O-]C(=O)c1ccnc(c1)c1nccc(c1)C(=O)[O-].[Ru],,150,4.91163,6.86008,1.04730793,3337.393848,C2/c,15,monoclinic,2/m,True,CSD,https://doi.org/10.1039/C5TA03322E,PBE-D3BJ,"['Cd 06Sep2000', 'H 15Jun2001', 'Ru_pv 28Jan2005', 'C 08Apr2002', 'N 08Apr2002', 'O 08Apr2002']",520,"[2, 2, 1]",True,False,-1081.067505,-9.49432,-1071.573185,0.0,1.756114,-0.870937,-2.627051,False,"[None, None]","[None, None]","[None, None]","[None, None]",,,,,,,,,,,,,,,,,,,,,,,,,,,,,,,,,,,,,,,,,,,,,,,,,,,,,,,['Ru'],Ru,True
qmof-8deddd1,JETVOW_FSR,Zn6C42H18O18,ZnC7H3O3,,,,,,,84,16.2694,16.35498,0.720023443,2774.475606,P3_121,152,trigonal,32,True,CSD,https://doi.org/10.1021/jacs.7b09453,PBE-D3BJ,"['Zn 06Sep2000', 'H 15Jun2001', 'C 08Apr2002', 'O 08Apr2002']",520,"[4, 1, 1]",True,False,-585.1607853,-5.77781,-579.3829753,0.0,2.562356,-0.875018,-3.437374,True,"[None, None]","[None, None]","[None, None]","[None, None]",HLE17//PBE-D3BJ,"['Zn 06Sep2000', 'H 15Jun2001', 'C 08Apr2002', 'O 08Apr2002']",520.0,"[3, 1, 1]",True,False,HSE06-D3BJ-HF10//PBE-D3BJ,"['Zn 06Sep2000', 'H 15Jun2001', 'C 08Apr2002', 'O 08Apr2002']",520.0,"[3, 1, 1]",True,False,HSE06-D3BJ//PBE-D3BJ,"['Zn 06Sep2000', 'H 15Jun2001', 'C 08Apr2002', 'O 08Apr2002']",520.0,"[3, 1, 1]",True,False,-5880.045552,0.0,-5880.045552,0.0,2.785247,-2.239288,-5.024535,False,"[None, None]","[None, None]","[None, None]","[None, None]",-626.8724735,-4.89055,-621.9819235,0.0,2.960627,-0.703521,-3.664148,True,"[None, None]","[None, None]","[None, None]","[None, None]",-691.7462665,-4.89055,-686.8557165,0.0,3.550246,-0.439767,-3.990013,True,"[None, None]","[None, None]","[None, None]","[None, None]",['Zn'],Zn,True
qmof-b927353,core_FUNCEX_freeONLY,Zn2Br2C46H24N6O8,ZnBrC23H12N3O4,[O-]C(=O)c1ccc(cc1)c1c(Br)c(c2ccc(cc2)C(=O)[O-])c(c(c1c1ccc(cc1)C(=O)[O-])Br)c1ccc(cc1)C(=O)[O-].[Zn][Zn].n1ccc(cc1)C1=N[N]C(=N[N]1)c1ccncc1 MOFid-v1.fsc.cat0,Zn.MQSMIIJCRWDMDL.QSORRHRIOAUAMT.MOFkey-v1.fsc,['[Zn][Zn]'],"['[O-]C(=O)c1ccc(cc1)c1c(Br)c(c2ccc(cc2)C(=O)[O-])c(c(c1c1ccc(cc1)C(=O)[O-])Br)c1ccc(cc1)C(=O)[O-]', 'n1ccc(cc1)C1=N[N]C(=N[N]1)c1ccncc1']",[O-]C(=O)c1ccc(cc1)c1c(Br)c(c2ccc(cc2)C(=O)[O-])c(c(c1c1ccc(cc1)C(=O)[O-])Br)c1ccc(cc1)C(=O)[O-].[Zn][Zn].n1ccc(cc1)C1=N[N]C(=N[N]1)c1ccncc1,fsc,88,12.46513,12.95069,0.546977461,3276.722119,P2/m,10,monoclinic,2/m,True,CoRE,,PBE-D3BJ,"['Zn 06Sep2000', 'H 15Jun2001', 'C 08Apr2002', 'Br 06Sep2000', 'N 08Apr2002', 'O 08Apr2002']",520,"[2, 2, 1]",True,False,-616.7730909,-4.96911,-611.8039809,0.0,0.690609,-3.091322,-3.781931,False,"[None, None]","[None, None]","[None, None]","[None, None]",,,,,,,,,,,,,,,,,,,,,,,,,,,,,,,,,,,,,,,,,,,,,,,,,,,,,,,['Zn'],Zn,True
qmof-9bfdab6,EMIYUW_FSR,Zr6C80H60O32,Zr3C40H30O16,,,['O[Zr]123([OH2])[OH]4[Zr]56[O]3[Zr]37([O]2[Zr]28[OH]1[Zr]14([O]6[Zr]([OH]53)([O]21)([OH]78)([OH2])O)([OH2])O)([OH2])O'],['[O-]C(=O)c1ccc(cc1)c1cc(cc(c1)c1ccc(cc1)C(=O)[O-])c1cc(cc(c1)c1ccc(cc1)C(=O)[O-])c1ccc(cc1)C(=O)[O-]'],O[Zr]123([OH2])[OH]4[Zr]56[O]3[Zr]37([O]2[Zr]28[OH]1[Zr]14([O]6[Zr]([OH]53)([O]21)([OH]78)([OH2])O)([OH2])O)([OH2])O.[O-]C(=O)c1ccc(cc1)c1cc(cc(c1)c1ccc(cc1)C(=O)[O-])c1cc(cc(c1)c1ccc(cc1)C(=O)[O-])c1ccc(cc1)C(=O)[O-],flt,178,6.87457,9.34453,0.744074199,4643.371012,C2/m,12,monoclinic,2/m,True,CSD,https://doi.org/10.1021/acs.cgd.6b00698,PBE-D3BJ,"['Zr_sv 04Jan2005', 'H 15Jun2001', 'C 08Apr2002', 'O 08Apr2002']",520,"[1, 1, 1]",True,False,-1263.945073,-10.52863,-1253.416443,0.0,3.044349,-0.441001,-3.48535,True,"[None, None]","[None, None]","[None, None]","[None, None]",,,,,,,,,,,,,,,,,,,,,,,,,,,,,,,,,,,,,,,,,,,,,,,,,,,,,,,['Zr'],Zr,True
qmof-bd899c1,ZOGROF_FSR,Zr4C56H32O20,ZrC14H8O5,,,"['[O]', '[Zr]']",['[O-]C(=O)c1ccc(cc1)c1ccc(cc1)C(=O)[O-]'],[O-]C(=O)c1ccc(cc1)c1ccc(cc1)C(=O)[O-].[O].[Zr],,112,5.44442,6.12637,1.203303224,1917.815061,C2/c,15,monoclinic,2/m,True,CSD,https://doi.org/10.1021/acs.inorgchem.9b00388,PBE-D3BJ,"['Zr_sv 04Jan2005', 'H 15Jun2001', 'C 08Apr2002', 'O 08Apr2002']",520,"[3, 1, 1]",True,False,-829.4865938,-8.09649,-821.3901038,0.0,2.335098,0.535754,-1.799344,True,"[None, None]","[None, None]","[None, None]","[None, None]",,,,,,,,,,,,,,,,,,,,,,,,,,,,,,,,,,,,,,,,,,,,,,,,,,,,,,,['Zr'],Zr,True
