qmof_id,metal,pld_A,lcd_A,bandgap_eV,coord_number,natoms,dG_H_eV,eta_HER_V,dG_OH_eV,dG_O_eV,dG_OOH_eV,eta_OER_V,dG_COOH_eV,dG_CO_eV,eta_CO2RR_V,delta_G_sel_eV,prefers_CO2RR,steric_congested
qmof-73ded45,Co,10.98654,11.78574,0.268982,5,54,1.3827121299028695,1.3827121299028695,1.0660562554092916,3.056148940269808,4.071686108762484,0.7600926848605165,1.4172381536959884,1.0901103762256974,1.5272381536959885,0.034526023793118865,False,False
qmof-dc7e5a3,Co,10.08865,10.76967,1.071221,6,60,-0.6400393414551226,0.6400393414551226,-1.5468640950172858,-0.3359704177171768,1.9721487330917205,1.7178512669082795,-0.9216735793192774,-0.2578911727449743,0.7737824065743031,-0.28163423786415476,True,False
qmof-dfd0917,Co,9.94433,10.5374,0.23283,6,60,-0.7857739510254769,0.7857739510254769,-1.5965015645229688,-0.3965963901704715,1.8639384317223096,1.8260615682776904,-1.0531036869979593,-0.3132578228200039,0.8498458641779554,-0.26732973597248244,True,False
qmof-26df13b,Co,9.77112,11.0026,0.312924,5,54,1.304828447113663,1.304828447113663,0.9895727162728303,2.9884590791503607,4.074865186436788,0.7688863628775304,1.2638232635889304,1.0358762312167635,1.3738232635889305,-0.0410051835247327,True,False
qmof-b46c098,Cu,10.73598,11.47509,0.241124,4,54,0.22681370045967153,0.22681370045967153,1.751100632642176,4.01972953810379,,1.0386289054616138,8.1451778074219,9.132212959571904,8.2551778074219,7.918364106962229,False,True
qmof-2c7948e,Cu,9.59446,10.06479,0.95559,4,105,0.1973196277303364,0.1973196277303364,4.460888422575847,1.1308571965902428,,3.230888422575847,10.068744959926532,1.1216994269990885,10.178744959926531,9.871425332196196,False,True
qmof-22d5639,Cu,9.54493,9.88141,0.652269,5,135,1.5851694450461187,1.5851694450461187,1.4494626237867418,2.3848502645570457,1.5661198991950789,2.123880100804921,1.9045901833594294,1.628602171009606,2.0145901833594295,0.31942073831331075,False,False
qmof-0d43f7f,Cu,9.38971,9.67929,0.695158,2,104,0.5504487971766698,0.5504487971766698,1.2413291822270889,2.4485373909843853,3.8132829313426475,0.13474554035826225,1.7681189256778376,1.223082009837571,1.8781189256778377,1.2176701285011677,False,False
qmof-197ad3f,Fe,18.49358,19.12546,0.153444,5,84,0.973213801132089,0.973213801132089,1.5462900689803813,3.36912847335556,4.926670776040615,0.5928384043751787,1.7958171923138175,1.3913110714641328,1.9058171923138176,0.8226033911817285,False,False
qmof-599995e,Fe,16.92486,16.98959,0.589529,5,84,0.5161922003867963,0.5161922003867963,1.7357683462604268,2.61108987919694,2.34786072034398,1.34213927965602,1.2959147831778333,1.3815455602476043,1.4059147831778334,0.779722582791037,False,False
qmof-175a5d9,Fe,14.11372,15.83677,1.357554,6,96,0.0074601746194380425,0.0074601746194380425,3.1205534707488436,-0.9345349464211796,,1.8905534707488436,,,0.0,,False,True
qmof-41c3d42,Fe,10.90358,11.59426,0.26157,5,54,0.3147307296011368,0.3147307296011368,1.6743833673016137,3.27255820903794,2.352800416018048,1.3371995839819522,1.5926735000113845,1.3982974912855064,1.7026735000113846,1.2779427704102477,False,False
qmof-5a2471d,Mn,11.79355,13.0208,1.024971,5,72,1.4528905800499947,1.4528905800499947,0.9014702525101779,2.823882475784914,3.9179103021234516,0.6924122232747361,1.5455685096830771,1.4648337247938792,1.6555685096830772,0.09267792963308241,False,False
qmof-75309dd,Mn,11.1024,11.79339,0.723035,5,54,1.4720406274457778,1.4720406274457778,0.8690609588695519,2.881228556613011,3.947422119114143,0.782167597743459,1.711339031655397,1.4577134681157866,1.821339031655397,0.23929840420961912,False,False
qmof-4a54aa8,Mn,9.97893,10.89977,0.90855,6,60,-0.7522709159487144,0.7522709159487144,-1.604019592531829,-0.6288025477135608,1.3028232997380575,2.3871767002619424,-0.49568950110458077,0.11145359592369389,0.7171430970282746,0.25658141484413366,False,False
qmof-348cf26,Mn,9.89753,10.9373,0.757504,5,54,1.2394484403575907,1.2394484403575907,1.250136216915207,3.2012093850006105,4.567651269636193,0.7210731680854034,1.7979114683700155,1.4635967852848801,1.9079114683700156,0.5584630280124248,False,False
qmof-04b4379,Mo,4.43754,5.9534,2.804367,4,42,-0.17448676955132303,0.17448676955132303,0.826807730099274,3.2529391348413847,5.838763723379308,1.355824588537923,0.48777355399019284,0.8382699033071951,0.5977735539901928,0.6622603235415159,False,False
qmof-9433b10,Mo,3.4334,4.17748,0.949652,5,72,-0.6999864642656357,0.6999864642656357,1.309532154731171,3.1273026347033843,4.336075366981439,0.5877704799722134,-0.007578897529955109,-0.19208841093110393,0.10242110247004489,0.6924075667356806,False,False
qmof-67a59c5,Mo,3.34121,4.22827,1.961341,6,72,-0.6617807763630603,0.6617807763630603,2.851728747139175,3.402806357595936,5.707841299408748,1.621728747139175,0.5398247270395282,-0.31567072125876694,0.6498247270395282,1.2016055034025885,False,False
qmof-e42499c,Mo,3.17093,3.73973,2.543541,4,112,-0.1916293438329726,0.1916293438329726,1.5107729360341704,3.2091971791335405,4.7997848342085865,0.46842424309937014,0.1798886377370914,0.7182180826047663,0.6483294448676749,0.371517981570064,False,False
qmof-072c43e,Ni,20.42871,20.69715,0.179289,6,93,0.25926411211372535,0.25926411211372535,1.620032558864052,0.09320768207216297,4.942339156370614,3.619131474298451,0.9748305418883925,1.297115734331714,1.0848305418883926,0.7155664297746671,False,False
qmof-b8ca403,Ni,10.74552,11.43193,0.18344,5,54,1.3595174762526758,1.3595174762526758,1.3571400700250091,3.771542308943155,4.3095564438585745,1.1844022389181457,1.550340058818646,1.2579565356506799,1.660340058818646,0.19082258256597018,False,False
qmof-ea9f3ea,Ni,10.43769,11.55467,0.450394,5,54,1.3038085147262555,1.3038085147262555,1.3549840199694199,3.7960884245139406,4.373799535833817,1.2111044045445207,1.4881096615587504,1.2404062795539965,1.5981096615587504,0.18430114683249488,False,False
qmof-5948e3e,Ni,9.47653,10.32784,0.409491,6,132,-0.15244893255527447,0.15244893255527447,,2.353199962506225,18.11715850729251,0.0,,,0.0,,False,True
qmof-28c2c0e,Ru,5.32412,7.02831,0.467115,6,82,-0.41798128718511496,0.41798128718511496,0.925957115872718,2.5048890641347876,4.367699593701665,0.6328105295668771,3.38631262979524,0.7866024612969106,3.49631262979524,3.804293916980355,False,False
qmof-b91d959,Ru,3.44718,5.38004,0.095608,6,80,0.4336157168622199,0.4336157168622199,1.1172029630915699,1.985411285176512,4.422552670650808,1.2071413854742965,,0.6345591422573754,0.0,,False,True
qmof-8deddd1,Zn,16.2694,16.35498,2.562356,5,84,1.2861967078344483,1.2861967078344483,0.6720452588293551,3.157583969472186,3.881419601303711,1.2555387106428308,1.5159463412897745,1.2492830696170807,1.6259463412897746,0.22974963345532617,False,False
qmof-b927353,Zn,12.46513,12.95069,0.690609,5,88,2.427243602132136,2.427243602132136,1.655894267784431,3.638477044721655,3.428695016967473,0.7525827769372238,,,0.0,,False,True
qmof-53df169,Zn,11.82597,12.49815,3.273867,6,91,0.006499915215555596,0.006499915215555596,2.5116111386194984,3.8632396033621186,4.211851025359343,1.2816111386194984,,0.996232501214353,0.0,,False,True
qmof-1702f8c,Zn,11.7264,13.20977,2.937464,5,74,2.300870065767241,2.300870065767241,,3.950919131682853,,0.0,,,0.0,,False,True
qmof-bd899c1,Zr,5.44442,6.12637,2.335098,7,112,0.0060080258112398255,0.0060080258112398255,1.9772042305475974,4.13370801182795,5.5055049893390935,0.9265037812803523,1.3604215570014426,2.180680541796891,1.4704215570014427,1.3544135311902028,False,False
qmof-4090ce1,Zr,3.1728,3.85386,2.336387,6,90,1.2683999999528046,1.2683999999528046,-0.06436606226169955,0.9416729284214551,0.9309269834457073,2.7590730165542925,1.5508095657329173,1.415995749484113,1.6608095657329174,0.28240956578011267,False,False
