qmof_id,metal,reaction,state,n_waters,replica,seed,total_energy_eV,solvation_energy_eV,h_bond_stabilization_per_water_eV,fmax_tier_eV_A,fmax_final_eV_A,nsteps_used,converged,unphysical
qmof-73ded45,Co,OER,*OH,1,0,1202,-5673.7437788049065,-5254.231489008639,-5254.231489008639,,9129.35942224491,1000,False,True
qmof-73ded45,Co,OER,*OH,1,1,2202,-420.11931121117516,-0.6070214149070576,-0.6070214149070576,0.03,0.029392984025905605,215,True,False
qmof-73ded45,Co,OER,*OH,1,2,3202,-419.91066745105064,-0.39837765478254106,-0.39837765478254106,0.03,0.029995302957828,208,True,False
qmof-73ded45,Co,OER,*OH,1,3,4202,-419.91470086533474,-0.4024110690666358,-0.4024110690666358,0.03,0.02873975673310872,200,True,False
qmof-73ded45,Co,OER,*OH,1,4,5202,-419.910400904232,-0.3981111079639046,-0.3981111079639046,0.03,0.029738279022346298,228,True,False
qmof-73ded45,Co,OER,*OH,2,0,1219,-434.76076998134124,-1.0881900709204153,-0.5440950354602077,0.03,0.0299978928485452,123,True,False
qmof-73ded45,Co,OER,*OH,2,1,2219,-434.6675749754365,-0.9949950650156545,-0.49749753250782724,0.03,0.027414483903586313,210,True,False
qmof-73ded45,Co,OER,*OH,2,2,3219,-434.7624521573781,-1.089872246957281,-0.5449361234786405,0.03,0.0279801678558069,150,True,False
qmof-73ded45,Co,OER,*OH,2,3,4219,-431.65772095448233,2.0148589559384966,1.0074294779692483,0.05,0.03006466630536581,250,True,False
qmof-73ded45,Co,OER,*OH,2,4,5219,-434.767610799824,-1.095030889403187,-0.5475154447015935,0.05,0.04886318999949002,327,True,False
qmof-73ded45,Co,OER,*OH,3,0,1236,-6521.507644645028,-6073.6747746204555,-2024.5582582068184,,5279.050963826005,1000,False,True
qmof-73ded45,Co,OER,*OH,3,1,2236,-447.7448687860237,0.08800123854986452,0.029333746183288174,0.08,0.07883311219941273,549,True,False
qmof-73ded45,Co,OER,*OH,3,2,3236,-214672.4588010614,-214224.62593103683,-71408.20864367894,,238969.1889797424,1000,False,True
qmof-73ded45,Co,OER,*OH,3,3,4236,-7404.863056811092,-6957.030186786519,-2319.010062262173,,25126.866358864274,1000,False,True
qmof-73ded45,Co,OER,*OH,3,4,5236,-4504.8709225205785,-4057.038052496005,-1352.3460174986683,,6615.584309555169,1000,False,True
qmof-73ded45,Co,OER,*O,1,0,1130,-414.3955816510855,-0.5294751720044584,-0.5294751720044584,0.05,0.03291676940816608,250,True,False
qmof-73ded45,Co,OER,*O,1,1,2130,-415.18989833474404,-1.323791855663023,-1.323791855663023,0.05,0.049815587360585466,289,True,False
qmof-73ded45,Co,OER,*O,1,2,3130,-414.47221879879254,-0.606112319711519,-0.606112319711519,0.03,0.02954232981254215,216,True,False
qmof-73ded45,Co,OER,*O,1,3,4130,-415.20192384268466,-1.3358173636036437,-1.3358173636036437,0.05,0.04991822279740027,277,True,False
qmof-73ded45,Co,OER,*O,1,4,5130,-2357.1878322024754,-1943.3217257233944,-1943.3217257233944,,6393.296697552628,1000,False,True
qmof-73ded45,Co,OER,*O,2,0,1147,-428.5122601886231,-0.4858635953893433,-0.24293179769467166,0.05,0.04822693963378833,396,True,False
qmof-73ded45,Co,OER,*O,2,1,2147,-426.68022575638076,1.3461708368529806,0.6730854184264903,0.05,0.04973394199168407,318,True,False
qmof-73ded45,Co,OER,*O,2,2,3147,-427.60974509691226,0.4166514963214816,0.2083257481607408,0.05,0.049551384731333435,421,True,False
qmof-73ded45,Co,OER,*O,2,3,4147,-427.14388012648857,0.8825164667451766,0.4412582333725883,0.05,0.04692211591525902,259,True,False
qmof-73ded45,Co,OER,*O,2,4,5147,-426.7216681459267,1.3047284473070597,0.6523642236535299,0.03,0.02882882094857801,215,True,False
qmof-73ded45,Co,OER,*O,3,0,1164,-444.8928363487282,-2.706149641341753,-0.902049880447251,0.03,0.029558845252482813,176,True,False
qmof-73ded45,Co,OER,*O,3,1,2164,-8631.204902455565,-8189.018215748179,-2729.672738582726,,7519.513512634197,1000,False,True
qmof-73ded45,Co,OER,*O,3,2,3164,-441.6209562595209,0.5657304478655902,0.18857681595519674,0.05,0.04148361761129579,297,True,False
qmof-73ded45,Co,OER,*O,3,3,4164,-6242.296711349605,-5800.110024642219,-1933.370008214073,,45167.289359038616,1000,False,True
qmof-73ded45,Co,OER,*O,3,4,5164,-177503.41485561128,-177061.22816890388,-59020.409389634624,,278320.81451087823,1000,False,True
qmof-73ded45,Co,OER,*OOH,1,0,1281,-424.50783443079695,-1.274470887265272,-1.274470887265272,0.05,0.048464561899238985,312,True,False
qmof-73ded45,Co,OER,*OOH,1,1,2281,-424.65333947651453,-1.4199759329828563,-1.4199759329828563,0.05,0.04994626883549107,407,True,False
qmof-73ded45,Co,OER,*OOH,1,2,3281,-423.0646009843929,0.16876255913879312,0.16876255913879312,0.05,0.04980083995326928,500,True,False
qmof-73ded45,Co,OER,*OOH,1,3,4281,-423.8833900437562,-0.6500265002245325,-0.6500265002245325,0.05,0.048619674196013735,351,True,False
qmof-73ded45,Co,OER,*OOH,1,4,5281,-7959.507805641375,-7536.274442097843,-7536.274442097843,,9095.719657954938,1000,False,True
qmof-73ded45,Co,OER,*OOH,2,0,1298,-16589.784071319446,-16152.390417661762,-8076.195208830881,,27460.37862315616,1000,False,True
qmof-73ded45,Co,OER,*OOH,2,1,2298,-438.88931892652516,-1.4956652688407637,-0.7478326344203818,0.03,0.028740939392007336,224,True,False
qmof-73ded45,Co,OER,*OOH,2,2,3298,-438.35470436833765,-0.9610507106532502,-0.4805253553266251,0.05,0.04867863530312,251,True,False
qmof-73ded45,Co,OER,*OOH,2,3,4298,-2893266.960243731,-2892829.566590073,-1446414.7832950365,,73801095.30662692,1000,False,True
qmof-73ded45,Co,OER,*OOH,2,4,5298,-438.39636757502046,-1.002713917336063,-0.5013569586680315,0.05,0.03211583862118711,250,True,False
qmof-73ded45,Co,OER,*OOH,3,0,1315,-453.4598805376069,-1.9059367657697948,-0.6353122552565983,0.05,0.04395014787972422,250,True,False
qmof-73ded45,Co,OER,*OOH,3,1,2315,-452.93657586581213,-1.3826320939750048,-0.4608773646583349,0.05,0.0483310301735124,253,True,False
qmof-73ded45,Co,OER,*OOH,3,2,3315,-84665.9773181122,-84214.42337434036,-28071.474458113455,,159380.47014028113,1000,False,True
qmof-73ded45,Co,OER,*OOH,3,3,4315,-24487.32906232869,-24035.775118556852,-8011.925039518951,,50603.950635264635,1000,False,True
qmof-73ded45,Co,OER,*OOH,3,4,5315,-452.60834896370716,-1.054405191870032,-0.3514683972900106,0.05,0.04973025747384242,315,True,False
qmof-73ded45,Co,CO2RR,*COOH,1,0,1348,-436.1791827862388,-0.2045025385873256,-0.2045025385873256,0.08,0.0788123294114081,530,True,False
qmof-73ded45,Co,CO2RR,*COOH,1,1,2348,-436.33614503757275,-0.3614647899212624,-0.3614647899212624,0.08,0.07981545927879588,500,True,False
qmof-73ded45,Co,CO2RR,*COOH,1,2,3348,-436.2705120932488,-0.2958318455972968,-0.2958318455972968,0.08,0.07926683513174856,636,True,False
qmof-73ded45,Co,CO2RR,*COOH,1,3,4348,-436.4110084791226,-0.43632823147109967,-0.43632823147109967,0.08,0.07955484613309208,544,True,False
qmof-73ded45,Co,CO2RR,*COOH,1,4,5348,-436.50648158841716,-0.5318013407656732,-0.5318013407656732,0.05,0.0499428046586532,393,True,False
qmof-73ded45,Co,CO2RR,*COOH,2,0,1365,-451.09499199237655,-0.9600216305723386,-0.4800108152861693,0.08,0.06032472974773099,500,True,False
qmof-73ded45,Co,CO2RR,*COOH,2,1,2365,-451.10379025425897,-0.9688198924547571,-0.48440994622737854,0.05,0.04980174291196288,391,True,False
qmof-73ded45,Co,CO2RR,*COOH,2,2,3365,-449.5600715477363,0.574898814067911,0.2874494070339555,0.05,0.047585596173269615,252,True,False
qmof-73ded45,Co,CO2RR,*COOH,2,3,4365,-450.81213391750765,-0.6771635557034408,-0.3385817778517204,0.05,0.04968491332142194,366,True,False
qmof-73ded45,Co,CO2RR,*COOH,2,4,5365,-451.2437682887971,-1.1087979269929171,-0.5543989634964586,0.08,0.07758935910316112,725,True,False
qmof-73ded45,Co,CO2RR,*COOH,3,0,1382,-14489.895768565206,-14025.600508089248,-4675.200169363083,,3983.5019155127607,1000,False,True
qmof-73ded45,Co,CO2RR,*COOH,3,1,2382,-463.1450713386214,1.1501891373355448,0.38339637911184826,0.08,0.054709014709213244,500,True,False
qmof-73ded45,Co,CO2RR,*COOH,3,2,3382,-463.7985897624636,0.49667071349331593,0.16555690449777197,0.05,0.04909222113936977,368,True,False
qmof-73ded45,Co,CO2RR,*COOH,3,3,4382,-465.47014813433447,-1.1748876583775285,-0.39162921945917617,0.05,0.04976768587674598,412,True,False
qmof-73ded45,Co,CO2RR,*COOH,3,4,5382,-464.21948674883873,0.07577372711820374,0.025257909039401245,0.08,0.07995161589639695,544,True,False
qmof-73ded45,Co,CO2RR,*CO,1,0,1197,-424.5762362494894,-0.19350919909945752,-0.19350919909945752,0.05,0.034024722834820595,250,True,False
qmof-73ded45,Co,CO2RR,*CO,1,1,2197,-425.6778977959066,-1.295170745516634,-1.295170745516634,0.05,0.0497119937510428,389,True,False
qmof-73ded45,Co,CO2RR,*CO,1,2,3197,-424.6653621945506,-0.2826351441606558,-0.2826351441606558,0.05,0.049855545712858954,463,True,False
qmof-73ded45,Co,CO2RR,*CO,1,3,4197,-6721.691098777125,-6297.3083717267355,-6297.3083717267355,,2802.9238644010293,1000,False,True
qmof-73ded45,Co,CO2RR,*CO,1,4,5197,-425.67301322534746,-1.2902861749575205,-1.2902861749575205,0.08,0.07825958626835335,503,True,False
qmof-73ded45,Co,CO2RR,*CO,2,0,1214,-439.2630821359693,-0.7200649714266198,-0.3600324857133099,0.05,0.04971376212514073,281,True,False
qmof-73ded45,Co,CO2RR,*CO,2,1,2214,-439.2309686099517,-0.6879514454090092,-0.3439757227045046,0.05,0.04206985065881517,250,True,False
qmof-73ded45,Co,CO2RR,*CO,2,2,3214,-286456.10121857544,-286017.5582014109,-143008.77910070546,,224669.61526454115,1000,False,True
qmof-73ded45,Co,CO2RR,*CO,2,3,4214,-439.2802669114044,-0.7372497468617318,-0.3686248734308659,0.05,0.04899176010751457,327,True,False
qmof-73ded45,Co,CO2RR,*CO,2,4,5214,-438.15078053908286,0.3922366254598053,0.19611831272990266,0.08,0.06903243664058578,500,True,False
qmof-73ded45,Co,CO2RR,*CO,3,0,1231,-453.9332774573278,-1.2299701786323993,-0.4099900595441331,0.05,0.04994381449012915,433,True,False
qmof-73ded45,Co,CO2RR,*CO,3,1,2231,-453.883100796337,-1.1797935176415848,-0.39326450588052825,0.08,0.0537737298410028,500,True,False
qmof-73ded45,Co,CO2RR,*CO,3,2,3231,-454.40697933431454,-1.7036720556191511,-0.5678906852063837,0.05,0.04627327161529772,357,True,False
qmof-73ded45,Co,CO2RR,*CO,3,3,4231,-35548.57273749256,-35095.86943021387,-11698.623143404622,,24602.45626691766,1000,False,True
qmof-73ded45,Co,CO2RR,*CO,3,4,5231,-5706.656589165783,-5253.9532818870875,-1751.3177606290292,,18428.203313919126,1000,False,True
qmof-73ded45,Co,HER,*H,1,0,1123,-413.61429185385134,-1.8104314375148416,-1.8104314375148416,0.03,0.02576185270717706,227,True,False
qmof-73ded45,Co,HER,*H,1,1,2123,-412.09218756391886,-0.2883271475823559,-0.2883271475823559,0.05,0.0484996473222956,287,True,False
qmof-73ded45,Co,HER,*H,1,2,3123,-412.02729667697844,-0.22343626064193778,-0.22343626064193778,0.03,0.02984000592847377,114,True,False
qmof-73ded45,Co,HER,*H,1,3,4123,-411.9392936049157,-0.1354331885791904,-0.1354331885791904,0.03,0.02435785369436076,141,True,False
qmof-73ded45,Co,HER,*H,1,4,5123,-411.9948206942189,-0.190960277882402,-0.190960277882402,0.03,0.029219646392659945,119,True,False
qmof-73ded45,Co,HER,*H,2,0,1140,-426.1695198941952,-0.20536936370599435,-0.10268468185299717,0.03,0.02898859156648033,194,True,False
qmof-73ded45,Co,HER,*H,2,1,2140,-426.5895844771453,-0.6254339466560843,-0.31271697332804216,0.05,0.03889392239049646,250,True,False
qmof-73ded45,Co,HER,*H,2,2,3140,-4833.020190027806,-4407.056039497317,-2203.5280197486586,,4304.133564573118,1000,False,True
qmof-73ded45,Co,HER,*H,2,3,4140,-426.47227228602287,-0.5081217555336472,-0.2540608777668236,0.05,0.038091426511537504,355,True,False
qmof-73ded45,Co,HER,*H,2,4,5140,-24335.96732003534,-23910.00316950485,-11955.001584752425,,29380.38456793185,1000,False,True
qmof-73ded45,Co,HER,*H,3,0,1157,-441.37268869412895,-1.2482480494870032,-0.4160826831623344,0.05,0.04536930005745088,339,True,False
qmof-73ded45,Co,HER,*H,3,1,2157,-441.3525252596408,-1.2280846149988491,-0.4093615383329497,0.05,0.040214108733249924,439,True,False
qmof-73ded45,Co,HER,*H,3,2,3157,-440.65353977100904,-0.5290991263670861,-0.17636637545569536,0.05,0.04564864034456767,255,True,False
qmof-73ded45,Co,HER,*H,3,3,4157,-440.18291885697886,-0.058478212336908086,-0.019492737445636028,0.05,0.03990050561191985,250,True,False
qmof-73ded45,Co,HER,*H,3,4,5157,-437.052545894432,3.0718947502099496,1.0239649167366498,0.03,0.029727802066860737,247,True,False
qmof-b46c098,Cu,HER,*H,1,0,1075,-400.39337853334524,-0.6448160521036694,-0.6448160521036694,0.05,0.049920928295287714,290,True,False
qmof-b46c098,Cu,HER,*H,1,1,2075,-400.46805433409037,-0.7194918528487957,-0.7194918528487957,0.03,0.027052287249922344,212,True,False
qmof-b46c098,Cu,HER,*H,1,2,3075,-400.4622602122053,-0.7136977309637356,-0.7136977309637356,0.05,0.03337160610126457,250,True,False
qmof-b46c098,Cu,HER,*H,1,3,4075,-398.4192353231039,1.3293271581376533,1.3293271581376533,0.05,0.048364731303891684,342,True,False
qmof-b46c098,Cu,HER,*H,1,4,5075,-4887.6302993778245,-4487.881736896583,-4487.881736896583,,3693.5841874462635,1000,False,True
qmof-b46c098,Cu,HER,*H,2,0,1092,-7433.84385566277,-7019.935003067375,-3509.9675015336875,,9313.91265022157,1000,False,True
qmof-b46c098,Cu,HER,*H,2,1,2092,-414.1769034140322,-0.2680508186379136,-0.1340254093189568,0.05,0.0499797560221007,252,True,False
qmof-b46c098,Cu,HER,*H,2,2,3092,-414.26843290877883,-0.3595803133845372,-0.1797901566922686,0.05,0.047587004516817306,386,True,False
qmof-b46c098,Cu,HER,*H,2,3,4092,-414.9001890739832,-0.9913364785889023,-0.49566823929445114,0.05,0.037771904180190954,255,True,False
qmof-b46c098,Cu,HER,*H,2,4,5092,-414.95551438593355,-1.0466617905392575,-0.5233308952696287,0.05,0.04307179091016331,252,True,False
qmof-b46c098,Cu,HER,*H,3,0,1109,-898.3695273305418,-470.3003846209948,-156.76679487366494,,821.5967144541148,1000,False,True
qmof-b46c098,Cu,HER,*H,3,1,2109,-20488.534379202236,-20060.46523649269,-6686.821745497564,,15948.408094785327,1000,False,True
qmof-b46c098,Cu,HER,*H,3,2,3109,-427.6948968804272,0.37424582911980053,0.12474860970660018,0.05,0.04874459925540136,274,True,False
qmof-b46c098,Cu,HER,*H,3,3,4109,-5280.567240996765,-4852.4980982872175,-1617.499366095739,,11168.038723960755,1000,False,True
qmof-b46c098,Cu,HER,*H,3,4,5109,-424.70208193116895,3.3670607783780753,1.1223535927926918,0.05,0.04154726348881967,250,True,False
qmof-b46c098,Cu,CO2RR,*COOH,1,0,1300,-422.9431010078373,-0.7914316937558166,-0.7914316937558166,0.03,0.02954276946778162,221,True,False
qmof-b46c098,Cu,CO2RR,*COOH,1,1,2300,-422.91613620909584,-0.7644668950143565,-0.7644668950143565,0.03,0.028050395743672244,157,True,False
qmof-b46c098,Cu,CO2RR,*COOH,1,2,3300,-422.8705807781905,-0.7189114641090324,-0.7189114641090324,0.05,0.04902783516236392,337,True,False
qmof-b46c098,Cu,CO2RR,*COOH,1,3,4300,-422.3245983240966,-0.17292901001511574,-0.17292901001511574,0.03,0.029997651401292437,215,True,False
qmof-b46c098,Cu,CO2RR,*COOH,1,4,5300,-422.9104119416857,-0.7587426276042262,-0.7587426276042262,0.03,0.02787932449362772,172,True,False
qmof-b46c098,Cu,CO2RR,*COOH,2,0,1317,-436.9302691825246,-0.6183097542904186,-0.3091548771452093,0.03,0.02867540693056026,219,True,False
qmof-b46c098,Cu,CO2RR,*COOH,2,1,2317,-437.34901414465094,-1.0370547164167299,-0.5185273582083649,0.03,0.029791220011412517,233,True,False
qmof-b46c098,Cu,CO2RR,*COOH,2,2,3317,-437.41963398806763,-1.1076745598334234,-0.5538372799167117,0.05,0.049913976448418045,281,True,False
qmof-b46c098,Cu,CO2RR,*COOH,2,3,4317,-437.29185987136685,-0.9799004431326459,-0.48995022156632295,0.05,0.047145456443883925,304,True,False
qmof-b46c098,Cu,CO2RR,*COOH,2,4,5317,-437.4686643396499,-1.1567049114156696,-0.5783524557078348,0.05,0.038201192760968915,250,True,False
qmof-b46c098,Cu,CO2RR,*COOH,3,0,1334,-450.3837536980237,0.08849584436320868,0.029498614787736226,0.08,0.05514488494786089,500,True,False
qmof-b46c098,Cu,CO2RR,*COOH,3,1,2334,-451.91689726916445,-1.444647726777518,-0.48154924225917267,0.08,0.07252627088087811,500,True,False
qmof-b46c098,Cu,CO2RR,*COOH,3,2,3334,-449.7613119033609,0.7109376390260564,0.2369792130086855,0.05,0.041858398485766994,253,True,False
qmof-b46c098,Cu,CO2RR,*COOH,3,3,4334,-450.8500479221893,-0.37779837980234277,-0.12593279326744758,0.05,0.04535642732318676,289,True,False
qmof-b46c098,Cu,CO2RR,*COOH,3,4,5334,-450.5091338608599,-0.036884318472957034,-0.012294772824319011,0.05,0.04694863405771846,375,True,False
qmof-b46c098,Cu,CO2RR,*CO,1,0,1149,-411.1473589872847,-0.28897272769680704,-0.28897272769680704,0.05,0.049604833780066894,377,True,False
qmof-b46c098,Cu,CO2RR,*CO,1,1,2149,-411.12943733090236,-0.2710510713144796,-0.2710510713144796,0.05,0.04964874492432273,395,True,False
qmof-b46c098,Cu,CO2RR,*CO,1,2,3149,-411.16088594163836,-0.3024996820504722,-0.3024996820504722,0.05,0.04989669529092339,348,True,False
qmof-b46c098,Cu,CO2RR,*CO,1,3,4149,-411.0962778435661,-0.2378915839782163,-0.2378915839782163,0.05,0.04785200782160721,250,True,False
qmof-b46c098,Cu,CO2RR,*CO,1,4,5149,-411.16073934573143,-0.3023530861435457,-0.3023530861435457,0.05,0.049607530022338475,315,True,False
qmof-b46c098,Cu,CO2RR,*CO,2,0,1166,-425.6944039648496,-0.6757275911089771,-0.33786379555448853,0.08,0.06760128267354516,500,True,False
qmof-b46c098,Cu,CO2RR,*CO,2,1,2166,-425.3544126625048,-0.3357362887641777,-0.16786814438208886,0.08,0.07402512706463865,505,True,False
qmof-b46c098,Cu,CO2RR,*CO,2,2,3166,-424.89833512813954,0.12034124560107173,0.06017062280053587,0.08,0.06228762419527505,500,True,False
qmof-b46c098,Cu,CO2RR,*CO,2,3,4166,-425.6498466817394,-0.6311703079987971,-0.31558515399939857,0.08,0.07032869500193478,500,True,False
qmof-b46c098,Cu,CO2RR,*CO,2,4,5166,-425.84044221572634,-0.8217658419857337,-0.41088292099286683,0.05,0.04333508485284575,386,True,False
qmof-b46c098,Cu,CO2RR,*CO,3,0,1183,-439.0728019927422,0.10616449515113402,0.035388165050378007,0.05,0.04974729381815032,498,True,False
qmof-b46c098,Cu,CO2RR,*CO,3,1,2183,-435.61783452176263,3.561131966130702,1.187043988710234,0.05,0.04871155033500475,453,True,False
qmof-b46c098,Cu,CO2RR,*CO,3,2,3183,-439.1349112740152,0.04405521387811007,0.014685071292703356,0.08,0.06516411581200555,500,True,False
qmof-b46c098,Cu,CO2RR,*CO,3,3,4183,-437.6463108343451,1.5326556535482183,0.5108852178494061,0.08,0.0616414735245149,502,True,False
qmof-b46c098,Cu,CO2RR,*CO,3,4,5183,-439.11203701206097,0.0669294758323673,0.02230982527745577,0.05,0.04863941245573162,373,True,False
