qmof_id,metal,reaction,state,n_waters,total_energy_eV,solvation_energy_eV,h_bond_stabilization_per_water_eV,fmax_eV_A,converged
qmof-73ded45,Co,OER,pristine,0,-395.40431338518226,0.0,0.0,0.02,True
qmof-73ded45,Co,OER,pristine,1,-409.3136757265171,0.2509277728178976,0.2509277728178976,0.025905121412888667,True
qmof-73ded45,Co,OER,pristine,2,-3983.680061967315,-3559.955168353827,-1779.9775841769135,5163.831042170445,False
qmof-73ded45,Co,OER,pristine,3,-6463.659636570988,-6025.774452843349,-2008.5914842811162,55136.56761948117,False
qmof-73ded45,Co,OER,*OH,0,-405.35199968211504,0.0,0.0,0.02,True
qmof-73ded45,Co,OER,*OH,1,-420.11707763282556,-0.6047878365577954,-0.6047878365577954,0.02897633425257141,True
qmof-73ded45,Co,OER,*OH,2,-430.53031972496865,3.1422601854518355,1.5711300927259177,0.028904176759142357,True
qmof-73ded45,Co,OER,*OH,3,-3473.1207253601337,-3025.2878553355604,-1008.4292851118535,23796.978581174244,False
qmof-73ded45,Co,OER,*O,0,-399.70581636492795,0.0,0.0,0.02,True
qmof-73ded45,Co,OER,*O,1,-415.0480291563908,-1.1819226773101033,-1.1819226773101033,0.027150813498503797,True
qmof-73ded45,Co,OER,*O,2,-424.8924474048801,3.133949188353302,1.566974594176651,0.03517780769396851,False
qmof-73ded45,Co,OER,*O,3,-1798.2441162863156,-1356.0574295789293,-452.0191431929764,1695.1912490135453,False
qmof-73ded45,Co,OER,*OOH,0,-409.07307342937895,0.0,0.0,0.02,True
qmof-73ded45,Co,OER,*OOH,1,-423.04267595156875,0.19068759196292184,0.19068759196292184,0.028352948521625065,True
qmof-73ded45,Co,OER,*OOH,2,-437.32929275163184,0.06436090605255984,0.03218045302627992,0.16801796639834848,False
qmof-73ded45,Co,OER,*OOH,3,-452.17509442524346,-0.6211506534063318,-0.2070502178021106,0.05450707966146516,False
qmof-73ded45,Co,CO2RR,*COOH,0,-421.8143901334991,0.0,0.0,0.02,True
qmof-73ded45,Co,CO2RR,*COOH,1,-436.23431310878703,-0.25963286113520745,-0.25963286113520745,0.10212685135376638,False
qmof-73ded45,Co,CO2RR,*COOH,2,-450.71866920236926,-0.5836988405647041,-0.29184942028235206,0.10067165601624664,False
qmof-73ded45,Co,CO2RR,*COOH,3,-7788.514536237746,-7324.2192757617895,-2441.4064252539297,33511.36493017409,False
qmof-73ded45,Co,CO2RR,*CO,0,-410.2224369362369,0.0,0.0,0.02,True
qmof-73ded45,Co,CO2RR,*CO,1,-424.6045444710417,-0.22181742065212084,-0.22181742065212084,0.0364155197112908,False
qmof-73ded45,Co,CO2RR,*CO,2,-438.3022983877687,0.24071877677362252,0.12035938838681126,0.06130995940097109,False
qmof-73ded45,Co,CO2RR,*CO,3,-451.0754695834916,1.6278376952034392,0.5426125650678131,0.0816864526705957,False
qmof-73ded45,Co,HER,*H,0,-397.6435703021835,0.0,0.0,0.02,True
qmof-73ded45,Co,HER,*H,1,-412.1029152302988,-0.2990548139625613,-0.2990548139625613,0.028707537593605555,True
qmof-73ded45,Co,HER,*H,2,-427.17210583511,-1.207955304621077,-0.6039776523105385,0.028522483340929237,True
qmof-73ded45,Co,HER,*H,3,-1674.1850262930493,-1234.0605856484076,-411.3535285494692,4280.37258584294,False
qmof-b46c098,Cu,HER,pristine,0,-381.9645946952744,0.0,0.0,0.02,True
qmof-b46c098,Cu,HER,pristine,1,-396.3865416297676,-0.2616568203404537,-0.2616568203404537,0.20139522635168897,False
qmof-b46c098,Cu,HER,pristine,2,-411.25141133445595,-0.9662364108761032,-0.4831182054380516,0.047371189197124595,False
qmof-b46c098,Cu,HER,pristine,3,-423.2597576838686,1.1857073538639753,0.3952357846213251,0.053815627014023044,False
qmof-b46c098,Cu,HER,*H,0,-385.5882723670888,0.0,0.0,0.02,True
qmof-b46c098,Cu,HER,*H,1,-400.46632111130054,-0.7177586300590288,-0.7177586300590288,0.029746296420769567,True
qmof-b46c098,Cu,HER,*H,2,-413.99458649478163,-0.08573389938738885,-0.04286694969369442,0.028299303154287237,True
qmof-b46c098,Cu,HER,*H,3,-428.3088285266233,-0.23968581707633518,-0.0798952723587784,0.13186146976269097,False
qmof-b46c098,Cu,CO2RR,*COOH,0,-407.99137919992876,0.0,0.0,0.02,True
qmof-b46c098,Cu,CO2RR,*COOH,1,-422.9178035444094,-0.7661342303279408,-0.7661342303279408,0.029988833752975244,True
qmof-b46c098,Cu,CO2RR,*COOH,2,-437.4706457758744,-1.1586863476401952,-0.5793431738200976,0.036655919403039985,False
qmof-b46c098,Cu,CO2RR,*COOH,3,-451.21905975532843,-0.7468102129414973,-0.24893673764716576,0.22273200516669694,False
qmof-b46c098,Cu,CO2RR,*CO,0,-396.6980961454354,0.0,0.0,0.02,True
qmof-b46c098,Cu,CO2RR,*CO,1,-411.1596896593636,-0.301303399775497,-0.301303399775497,0.05022151094016706,False
qmof-b46c098,Cu,CO2RR,*CO,2,-425.71823792655266,-0.6995615528118257,-0.3497807764059129,0.19859409384015445,False
qmof-b46c098,Cu,CO2RR,*CO,3,-439.9203374847117,-0.7413709968181337,-0.24712366560604457,0.1270192926768459,False
