qmof_id,reaction,intermediate,file,delta_E_eV,zpe_ads_eV,ts_ads_eV,delta_G_corr_eV,delta_G_eV,num_modes,max_freq_meV,steric_congested,mace_chgnet_diff_per_atom_eV
qmof-73ded45,her,H,qmof-73ded45_her_H.cif,1.0229881363859683,0.14508139030453188,0.023399385552865384,0.19168200475166647,1.2146701411376348,3,183.45951249820763,False,0.3776813789162661
qmof-dc7e5a3,her,H,qmof-dc7e5a3_her_H.cif,-0.2548498193146788,0.30842285143091464,0.00277560413645894,0.37564724729445564,0.12079742797977683,3,349.4464307591497,False,0.3616878973011109
qmof-571d405,her,H,qmof-571d405_her_H.cif,1.3356211552388897,0.1706735249173914,0.011670949962248276,0.22900257495514312,1.564623730194033,3,192.12110733408855,False,0.1072370527527008
qmof-b46c098,her,H,qmof-b46c098_her_H.cif,-0.3614326184273655,0.31439020926040306,0.011897789354634546,0.37249241990576853,0.01105980147840302,3,437.9862779599568,False,0.2061820240785002
qmof-197ad3f,her,H,qmof-197ad3f_her_H.cif,0.6203355356648426,0.15183502786471698,0.011282519754187552,0.2105525081105294,0.830888043775372,2,250.83778772147804,False,0.2108306093265114
qmof-599995e,her,H,qmof-599995e_her_H.cif,-0.0725199755456533,0.3220023236650743,0.009100150137800455,0.38290217352727385,0.31038219798162053,3,427.5701503648592,False,0.2968244469420155
qmof-5a2471d,her,H,qmof-5a2471d_her_H.cif,1.0998575654800995,0.13642745713513493,0.014567998237971886,0.19185945889716302,1.2917170243772624,3,134.72896513396728,False,0.3047462327002537
qmof-07cc468,her,H,qmof-07cc468_her_H.cif,-1.5766301106741385,0.3320027618222542,0.0026348995460240793,0.3993678622762301,-1.1772622483979083,3,404.6599463727201,False,0.1327969579850659
qmof-dd825f1,her,H,qmof-dd825f1_her_H.cif,-0.884694431124196,0.28399014085844015,0.022020094482388303,0.3319700463760518,-0.5527243847481442,3,446.42650888927506,False,0.1646567768941558
qmof-04b4379,her,H,qmof-04b4379_her_H.cif,-0.5320487277662456,0.28411471274871447,0.015139687301072662,0.3389750254476418,-0.19307370231860377,3,432.3994378669145,False,0.1621250994260829
qmof-02e961c,her,H,qmof-02e961c_her_H.cif,-0.0751988235187828,0.26931012237094165,0.013611011334325985,0.32569911103661564,0.2505002875178328,3,366.65544527016846,False,0.1185374289374235
qmof-da6b9c1,her,H,qmof-da6b9c1_her_H.cif,-0.2335896764743457,0.3034111590410819,0.008847486675048435,0.36456367236603343,0.13097399589168773,3,410.41424055489085,False,0.1261298705371582
qmof-28c2c0e,her,H,qmof-28c2c0e_her_H.cif,-0.4786781749843176,0.2968010025993025,0.009221582070245794,0.35757942052905667,-0.12109875445526092,3,404.25379078152645,False,0.2027223178635793
qmof-59f49ee,her,H,qmof-59f49ee_her_H.cif,-0.1307880132330656,0.2650389837457371,0.009290740622052955,0.3257482431236841,0.1949602298906185,3,339.59348283127537,False,0.1335350731057771
qmof-8deddd1,her,H,qmof-8deddd1_her_H.cif,1.0537488055606654,0.15485924413232294,0.027366313407588883,0.19749293072473403,1.2512417362853994,3,216.40711321374178,False,0.1460051523986093
qmof-b927353,her,H,qmof-b927353_her_H.cif,2.065376026668012,0.19016394096418004,1.5124254137769723e-07,0.26016378972163867,2.3255398163896506,1,380.3278819283601,False,0.1004674899234122
qmof-9bfdab6,her,H,qmof-9bfdab6_her_H.cif,1.9829815398013788,0.07958266019366081,0.033793326289686704,0.11578933390397408,2.098770873705353,3,57.420103728383815,False,0.112449209165711
qmof-bd899c1,her,H,qmof-bd899c1_her_H.cif,-0.3877758689991215,0.29534720007120885,0.0033294461444494054,0.3620177539267594,-0.025758115072362087,3,317.65844094946135,False,0.0986944613125605
qmof-73ded45,oer,OH,qmof-73ded45_oer_OH.cif,0.950358506433254,0.3259054784837629,0.13488473131049536,0.23102074717326754,1.1813792536065215,6,469.88876170660274,False,0.37697529079789
qmof-dc7e5a3,oer,OH,qmof-dc7e5a3_oer_OH.cif,-1.6545799826229697,0.39871866108378495,0.08478374724476521,0.35393491383901976,-1.30064506878395,6,460.74950394806507,False,0.3580651490960587
qmof-571d405,oer,OH,qmof-571d405_oer_OH.cif,1.8507449687877584,0.32548121183533535,0.13252318446780284,0.23295802736753252,2.083702996155291,6,453.04843818337133,False,0.1086699479224726
qmof-b46c098,oer,OH,qmof-b46c098_oer_OH.cif,1.395077952640925,0.3728770662026443,0.06473379550196516,0.3481432707006792,1.743221223341604,6,461.72938669440896,False,0.2097216705653021
qmof-197ad3f,oer,OH,qmof-197ad3f_oer_OH.cif,1.4404661563776884,0.32163425158366143,0.13285286624026654,0.22878138534339493,1.6692475417210833,6,474.4960116932556,False,0.2225492374569766
qmof-599995e,oer,OH,qmof-599995e_oer_OH.cif,0.6147462948458227,0.3492275643342934,0.08383856832946027,0.3053889960048332,0.9201352908506559,6,462.880449140104,False,0.2945683148475607
qmof-5a2471d,oer,OH,qmof-5a2471d_oer_OH.cif,0.7014542758874498,0.3255803610418353,0.15588866278310634,0.20969169825872902,0.9111459741461788,6,465.86475345058955,False,0.3050197816497066
qmof-07cc468,oer,OH,qmof-07cc468_oer_OH.cif,0.6723997973620683,0.3753768631469405,0.04137933643714256,0.373997526709798,1.0463973240718665,6,265.8466433404278,False,0.1344005650167005
qmof-dd825f1,oer,OH,qmof-dd825f1_oer_OH.cif,2.6350027368960767,0.3721378009133482,0.10290452073524099,0.30923328017810725,2.944236017074184,6,453.00250428945265,False,0.1608650667935085
qmof-04b4379,oer,OH,qmof-04b4379_oer_OH.cif,0.7242370630906478,0.38189183170377256,0.051730019144023344,0.3701618125597492,1.094398875650397,5,462.3000316135388,False,0.1636402772946649
qmof-02e961c,oer,OH,qmof-02e961c_oer_OH.cif,-0.0517683965110151,0.4223055243961516,0.04814634491798899,0.41415917947816266,0.36239078296714755,6,440.6788745907007,False,0.1194906893081752
qmof-da6b9c1,oer,OH,qmof-da6b9c1_oer_OH.cif,3.1943948182277566,0.4086224576455678,0.04694265987572136,0.40167979776984647,3.596074615997603,6,447.78355050908556,False,0.1448376270778806
qmof-28c2c0e,oer,OH,qmof-28c2c0e_oer_OH.cif,0.6295835404632228,0.3556645410433653,0.06700552390132432,0.32865901714204104,0.9582425576052639,6,417.3015780318335,False,0.2010775761777029
qmof-59f49ee,oer,OH,qmof-59f49ee_oer_OH.cif,3.0173971501922736,0.3632605989311161,0.036776707793998074,0.3664838911371181,3.3838810413293916,6,339.16717345849537,False,0.1366972900858148
qmof-8deddd1,oer,OH,qmof-8deddd1_oer_OH.cif,0.5543790392994836,0.3372384088367028,0.12185195868518146,0.2553864501515214,0.809765489451005,6,475.03706010134823,False,0.145346706714948
qmof-b927353,oer,OH,qmof-b927353_oer_OH.cif,1.911085852864808,0.3778842155658179,0.062045711115443165,0.3558385044503748,2.2669243573151827,6,476.5831558413361,False,0.0972733895367544
qmof-9bfdab6,oer,OH,qmof-9bfdab6_oer_OH.cif,1.4570740570694127,0.3470034334953417,0.09354783723953915,0.2934555962558026,1.7505296533252153,6,456.2065457173083,False,0.1129897842716054
qmof-bd899c1,oer,OH,qmof-bd899c1_oer_OH.cif,-5785681.308044405,0.35,0.05,0.34,-5785680.968044405,0,0.0,True,50751.47408012881
qmof-73ded45,oer,O,qmof-73ded45_oer_O.cif,3.334296770233082,0.05144478319783494,0.09069755295382281,-0.06925276975598785,3.265044000477094,3,75.11447079864227,False,0.3879737489757417
qmof-dc7e5a3,oer,O,qmof-dc7e5a3_oer_O.cif,-0.0636368447847095,0.09133193712968235,0.05250425340915044,0.008827683720531943,-0.05480916106417756,3,117.26660543971215,False,0.3669439380062987
qmof-571d405,oer,O,qmof-571d405_oer_O.cif,4.456304222192373,0.023826194449041927,0.013213776196101694,-0.019387581747059734,4.436916640445314,1,47.652388898083856,False,0.1083409001369117
qmof-b46c098,oer,O,qmof-b46c098_oer_O.cif,2.529082224798615,0.08644886467088891,0.036821749539667326,0.019627115131221617,2.548709339929837,3,88.10860703672975,False,0.1984187683994088
qmof-197ad3f,oer,O,qmof-197ad3f_oer_O.cif,3.648770973410977,0.054505009924076864,0.06993527872806707,-0.045430268803990176,3.6033407046069867,3,66.27949862727586,False,0.2211883227794327
qmof-599995e,oer,O,qmof-599995e_oer_O.cif,-998639.4740839462,0.08,0.01,0.040000000000000036,-998639.4340839462,0,0.0,True,11748.39012447327
qmof-5a2471d,oer,O,qmof-5a2471d_oer_O.cif,3.1090437986518262,0.048464685999611255,0.08505818302159882,-0.06659349702198752,3.0424503016298385,3,65.17240888634403,False,0.3091225262236118
qmof-07cc468,oer,O,qmof-07cc468_oer_O.cif,1.403472535173976,0.08207144436673267,0.040239167952739865,0.011832276413992843,1.415304811587969,3,87.80355875540002,False,0.1369407168631089
qmof-dd825f1,oer,O,qmof-dd825f1_oer_O.cif,3.4249135382529383,0.07536326955689916,0.05341362829960902,-0.008050358742709846,3.4168631795102287,3,82.87775715154814,False,0.1614258091115177
qmof-04b4379,oer,O,qmof-04b4379_oer_O.cif,2.9029579409500323,0.07562710062662308,0.05131049967404427,-0.005683399047421156,2.897274541902611,3,93.01355718083023,False,0.1456297510307271
qmof-02e961c,oer,O,qmof-02e961c_oer_O.cif,1.1392825146579506,0.09684201218344966,0.02934397840446689,0.03749803377898281,1.1767805484369334,3,87.34478295077331,False,0.1224142481400869
qmof-da6b9c1,oer,O,qmof-da6b9c1_oer_O.cif,2.815239771416075,0.07597732640606948,0.061754948063872814,-0.01577762165780333,2.7994621497582717,3,104.02340772549063,False,0.1246487937775147
qmof-28c2c0e,oer,O,qmof-28c2c0e_oer_O.cif,1.4304123772852089,0.08021417425738037,0.04217602108076261,0.008038153176617768,1.4384505304618267,3,80.74351268195895,False,0.1992397985231028
qmof-59f49ee,oer,O,qmof-59f49ee_oer_O.cif,2.663837749481943,0.08457091154865304,0.03755844827056369,0.017012463278089363,2.6808502127600327,3,84.04620537560591,False,0.1370875731815118
qmof-8deddd1,oer,O,qmof-8deddd1_oer_O.cif,2.003279518116913,0.08914537415848578,0.03551447870144246,0.023630895457043333,2.0269104135739564,3,86.45055044158474,False,0.1269692142132672
qmof-b927353,oer,O,qmof-b927353_oer_O.cif,3.913290170076537,0.07506072849406274,0.04122645647841345,0.0038342720156493426,3.9171244420921862,3,69.18676503536511,False,0.0890476785814678
qmof-9bfdab6,oer,O,qmof-9bfdab6_oer_O.cif,4.583871104086982,0.04850590734384086,0.07800178732704136,-0.05949587998320047,4.524375224103782,3,59.23419496531686,False,0.1153252452195184
qmof-bd899c1,oer,O,qmof-bd899c1_oer_O.cif,-1271541.5314938792,0.08,0.01,0.040000000000000036,-1271541.4914938791,0,0.0,True,11252.470804054414
qmof-73ded45,oer,OOH,qmof-73ded45_oer_OOH.cif,4.8650845091481685,0.39338377519055984,0.2157413201762782,0.18764245501428162,5.05272696416245,9,443.839739772669,False,0.3872924429193395
qmof-dc7e5a3,oer,OOH,qmof-dc7e5a3_oer_OOH.cif,1.8210344284578848,0.4282758797541191,0.16872697560196895,0.2695489041521502,2.090583332610035,9,452.38753971258717,False,0.3626166123942676
qmof-571d405,oer,OOH,qmof-571d405_oer_OOH.cif,4.690993823265778,0.3905195988027887,0.21701403906221392,0.18350555974057475,4.874499383006353,8,444.24863140608164,False,0.0995723460528495
qmof-b46c098,oer,OOH,qmof-b46c098_oer_OOH.cif,4.79689861308065,0.44847117434538597,0.11036544056885993,0.3481057337765261,5.145004346857176,9,375.81991796534004,False,0.1963977031799726
qmof-197ad3f,oer,OOH,qmof-197ad3f_oer_OOH.cif,5.313771472679711,0.33325856283938804,0.06327050185615388,0.27998806098323414,5.593759533662945,4,420.43369440955416,False,0.2109701278210998
qmof-599995e,oer,OOH,qmof-599995e_oer_OOH.cif,4.79617697415221,0.412347429409604,0.14622290163160565,0.27612452777799834,5.072301501930208,9,464.79104800371124,False,0.2077611760323164
qmof-5a2471d,oer,OOH,qmof-5a2471d_oer_OOH.cif,4.115476601672292,0.4047146097974471,0.13456181758308497,0.2801527922143622,4.3956293938866535,7,460.3667769791547,False,0.278134979061374
qmof-07cc468,oer,OOH,qmof-07cc468_oer_OOH.cif,3.0084929468763377,0.4591002877570016,0.07759398009710995,0.3915063076598917,3.3999992545362296,9,366.3745839787236,False,0.132590045333268
qmof-dd825f1,oer,OOH,qmof-dd825f1_oer_OOH.cif,4.534629901418718,0.4254406563182449,0.13902580094697378,0.2964148553712711,4.831044756789989,9,465.4166006647851,False,0.1598745020463035
qmof-04b4379,oer,OOH,qmof-04b4379_oer_OOH.cif,4.935666058267252,0.39685665551048643,0.18753240089407344,0.21932425461641303,5.1549903128836645,9,363.0695423547901,False,0.1717796914251506
qmof-02e961c,oer,OOH,qmof-02e961c_oer_OOH.cif,1.7575307802102245,0.481486357374189,0.07877498236574923,0.4127113750084398,2.170242155218664,9,329.7138588776568,False,0.1110079290613594
qmof-da6b9c1,oer,OOH,qmof-da6b9c1_oer_OOH.cif,4.272140055723405,0.46178513612291183,0.12777048531046162,0.3440146508124502,4.6161547065358555,9,420.5842522843782,False,0.1293011762075994
qmof-28c2c0e,oer,OOH,qmof-28c2c0e_oer_OOH.cif,3.453902951544244,0.4488711817634272,0.09503970241287686,0.3638314793505504,3.8177344308947943,8,420.4043565502688,False,0.1973158366896822
qmof-59f49ee,oer,OOH,qmof-59f49ee_oer_OOH.cif,5.739199976274328,0.501299050718031,0.06141345712301288,0.4498855935950181,6.189085569869347,9,366.5486473751375,False,0.142086505292628
qmof-8deddd1,oer,OOH,qmof-8deddd1_oer_OOH.cif,5.1372314285123295,0.4013282189720365,0.20393670078463244,0.2073915181874041,5.344622946699734,9,454.42737506399783,False,0.1467590391828396
qmof-b927353,oer,OOH,qmof-b927353_oer_OOH.cif,5.468967347225309,0.41474780872304273,0.14694223349633231,0.27780557522671046,5.74677292245202,8,450.7683503376871,False,0.0882527020298991
qmof-9bfdab6,oer,OOH,qmof-9bfdab6_oer_OOH.cif,4.787404467560798,0.4305557245264283,0.18582581079878344,0.25472991372764486,5.0421343812884425,9,437.9656488436354,False,0.1073448637846769
qmof-bd899c1,oer,OOH,qmof-bd899c1_oer_OOH.cif,5.909914859158214,0.423518397015507,0.12873265737295575,0.3047857396425513,6.214700598800765,9,403.2665279075287,False,0.1067545297645675
qmof-73ded45,co2rr,COOH,qmof-73ded45_co2rr_COOH.cif,-0.3682892129267152,0.6489630173127203,0.17560065999064242,0.8933623573220779,0.5250731443953627,10,421.7660791808684,False,0.3505691339455973
qmof-dc7e5a3,co2rr,COOH,qmof-dc7e5a3_co2rr_COOH.cif,-0.954511427530992,0.5387839129848315,0.19359654451408725,0.7651873684707442,-0.18932405906024785,9,461.5101467727703,False,0.3464987614232182
qmof-571d405,co2rr,COOH,qmof-571d405_co2rr_COOH.cif,0.3321336771285637,0.5863883698889356,0.17362996155519078,0.8327584083337447,1.1648920854623084,11,372.54340097627215,False,0.1113709575476651
qmof-b46c098,co2rr,COOH,qmof-b46c098_co2rr_COOH.cif,0.0150030307355955,0.6444418018973631,0.186500088644952,0.8779417132524112,0.8929447439880067,12,449.0059056466566,False,0.202505433379461
qmof-197ad3f,co2rr,COOH,qmof-197ad3f_co2rr_COOH.cif,0.6262273497747906,0.5725781173556586,0.16933626846300207,0.8232418488926565,1.449469198667447,11,375.4126594534696,False,0.2148969110868379
qmof-599995e,co2rr,COOH,qmof-599995e_co2rr_COOH.cif,0.9749315416887434,0.5544574717856815,0.20358882557708408,0.7708686462085974,1.7458001878973408,11,474.3006513694095,False,0.2323906773116794
qmof-5a2471d,co2rr,COOH,qmof-5a2471d_co2rr_COOH.cif,1.0267411833450346,0.5201089908866148,0.27179967468590466,0.6683093162007101,1.6950504995457447,11,422.7696326331966,False,0.3106972811720299
qmof-07cc468,co2rr,COOH,qmof-07cc468_co2rr_COOH.cif,-1.2279453458130725,0.6472977535478263,0.15936406064823277,0.9079336928995936,-0.3200116529134789,12,402.4609900829918,False,0.1316146720204103
qmof-dd825f1,co2rr,COOH,qmof-dd825f1_co2rr_COOH.cif,-0.6566734560825758,0.660693463840166,0.15139900622371616,0.9292944576164499,0.27262100153387414,12,452.7251253242199,False,0.1666250459818987
qmof-04b4379,co2rr,COOH,qmof-04b4379_co2rr_COOH.cif,-20574736.52486558,0.62,0.11,0.9299999999999999,-20574735.59486558,0,0.0,True,447276.9067306615
qmof-02e961c,co2rr,COOH,qmof-02e961c_co2rr_COOH.cif,-547079.5722737084,0.62,0.11,0.9299999999999999,-547078.6422737084,0,0.0,True,3484.5095697078395
qmof-da6b9c1,co2rr,COOH,qmof-da6b9c1_co2rr_COOH.cif,1.2284470133285872,0.6432897748888209,0.13995272690236843,0.9233370479864524,2.1517840613150394,12,406.03149595758623,False,0.1120355034193931
qmof-28c2c0e,co2rr,COOH,qmof-28c2c0e_co2rr_COOH.cif,1.0958410070389668,0.573966838347115,0.16691769599767609,0.8270491423494388,1.9228901493884056,12,340.98222128867894,False,0.1822114471371069
qmof-59f49ee,co2rr,COOH,qmof-59f49ee_co2rr_COOH.cif,2.047248687055667,0.6226664167243485,0.12073068254432817,0.9219357341800203,2.9691844212356875,12,406.28350832610244,False,0.1318559774720497
qmof-8deddd1,co2rr,COOH,qmof-8deddd1_co2rr_COOH.cif,0.5272603154221365,0.6419309495558467,0.18836511964927724,0.8735658299065694,1.4008261453287059,12,423.2822622192746,False,0.1414070850641658
qmof-b927353,co2rr,COOH,qmof-b927353_co2rr_COOH.cif,-1228848.874476024,0.62,0.11,0.9299999999999999,-1228847.944476024,0,0.0,True,13357.143397639687
qmof-9bfdab6,co2rr,COOH,qmof-9bfdab6_co2rr_COOH.cif,-0.6650676577386498,0.6074192433242244,0.16855532352482322,0.8588639197994012,0.1937962620607514,10,446.3113671577356,False,0.1118781730950923
qmof-bd899c1,co2rr,COOH,qmof-bd899c1_co2rr_COOH.cif,2.5557642503162974,0.5992830950992335,0.18518569128007029,0.8340974038191633,3.3898616541354607,12,470.0901028296734,False,0.0702451894868584
qmof-73ded45,co2rr,CO,qmof-73ded45_co2rr_CO.cif,0.3256191809694293,0.17634259162761826,0.1320859984689295,0.4242565931586888,0.7498757741281181,5,261.8451943427502,False,0.3837390280987277
qmof-dc7e5a3,co2rr,CO,qmof-dc7e5a3_co2rr_CO.cif,-0.8358303110383893,0.23153738171119895,0.11219418844282429,0.4993431932683746,-0.3364871177700147,6,220.43489489218726,False,0.3634700875845407
qmof-571d405,co2rr,CO,qmof-571d405_co2rr_CO.cif,0.5226654289961381,0.18744862590259026,0.05279757239189074,0.5146510535106995,1.0373164825068377,4,259.31627047597544,False,0.1106588721074178
qmof-b46c098,co2rr,CO,qmof-b46c098_co2rr_CO.cif,0.4102412818628842,0.1914185682596177,0.15566429137042234,0.41575427688919536,0.8259955587520795,6,257.97154819868285,False,0.2095373892137664
qmof-197ad3f,co2rr,CO,qmof-197ad3f_co2rr_CO.cif,0.6369215089116871,0.1674039692905938,0.08087297114975577,0.46653099814083804,1.1034525070525252,4,238.14454914513456,False,0.2215990830471043
qmof-599995e,co2rr,CO,qmof-599995e_co2rr_CO.cif,0.5987745466117396,0.2555433883960622,0.07851860314460206,0.5570247852514602,1.1557993318631996,6,210.5529007059744,False,0.2470090142350799
qmof-5a2471d,co2rr,CO,qmof-5a2471d_co2rr_CO.cif,0.7090166814004171,0.15548579635410228,0.12467420291790611,0.4108115934361962,1.1198282748366133,4,265.85214042101813,False,0.3116861301545032
qmof-07cc468,co2rr,CO,qmof-07cc468_co2rr_CO.cif,0.1084590058003733,0.22669444277089418,0.08403747171905468,0.5226569710518395,0.6311159768522128,6,167.18347982083472,False,0.1326736853961835
qmof-dd825f1,co2rr,CO,qmof-dd825f1_co2rr_CO.cif,-1.37758940209525,0.2759155865906302,0.06659500748004646,0.5893205791105838,-0.7882688229846662,5,283.1196397022536,False,0.1620385107164757
qmof-04b4379,co2rr,CO,qmof-04b4379_co2rr_CO.cif,-0.0220346838412091,0.26295398615415755,0.07809278871298327,0.5648611974411744,0.5428265135999653,6,221.92693169606412,False,0.1907170939715996
qmof-02e961c,co2rr,CO,qmof-02e961c_co2rr_CO.cif,0.6045387704855649,0.2355566184230097,0.1076233646573091,0.5079332537657006,1.1124720242512656,6,225.55064166563548,False,0.1173625004224563
qmof-da6b9c1,co2rr,CO,qmof-da6b9c1_co2rr_CO.cif,3.1453034458847107,0.2615147523641124,0.05579171061410148,0.585723041750011,3.731026487634722,6,218.3372156135905,False,0.1123770987627879
qmof-28c2c0e,co2rr,CO,qmof-28c2c0e_co2rr_CO.cif,-0.6012865666576452,0.21888365345932226,0.11214411461966496,0.4867395388396573,-0.11454702781798792,6,248.58372837951163,False,0.206245880113743
qmof-59f49ee,co2rr,CO,qmof-59f49ee_co2rr_CO.cif,1.5987233922767563,0.21141592440684517,0.07252335341113228,0.518892570995713,2.117615963272469,6,118.55512829393827,False,0.0570765008238179
qmof-8deddd1,co2rr,CO,qmof-8deddd1_co2rr_CO.cif,0.494198499997001,0.16546690615938742,0.0886707430432383,0.4567961631161491,0.9509946631131501,4,260.8495287547762,False,0.1497210021002184
qmof-b927353,co2rr,CO,qmof-b927353_co2rr_CO.cif,0.0170089269120445,0.2722174605938352,0.06072213040270822,0.591495330191127,0.6085042571031715,6,207.398174920436,False,0.0361746025544069
qmof-9bfdab6,co2rr,CO,qmof-9bfdab6_co2rr_CO.cif,0.6957931917134239,0.13972208670571118,0.10473382766748525,0.41498825903822595,1.1107814507516498,3,261.14909623480895,False,0.1147427341138887
qmof-bd899c1,co2rr,CO,qmof-bd899c1_co2rr_CO.cif,1.2370438453499766,0.20863039528746394,0.06343849104396217,0.5251919042435018,1.7622357495934784,5,195.04488468513455,False,0.0343326632055951
qmof-73ded45,co2rr,OCHO,qmof-73ded45_co2rr_OCHO.cif,0.9345877882134735,0.6148213487837876,0.14778430878699503,0.8870370399967926,1.821624828210266,12,359.61151385896574,False,0.365214242700439
qmof-dc7e5a3,co2rr,OCHO,qmof-dc7e5a3_co2rr_OCHO.cif,0.0966273268651711,0.5861956892599771,0.193483962950778,0.8127117263091992,0.9093390531743702,12,359.94216113304196,False,0.3583690095998184
qmof-571d405,co2rr,OCHO,qmof-571d405_co2rr_OCHO.cif,0.6373069722081759,0.5204163923847389,0.17870647405534812,0.7617099183293907,1.3990168905375666,10,336.0656196368452,False,0.1088952479167921
qmof-b46c098,co2rr,OCHO,qmof-b46c098_co2rr_OCHO.cif,0.7992125259117806,0.5932039056841132,0.190136146402994,0.8230677592811191,1.6222802851928997,12,354.58772485760716,False,0.1865110532114319
qmof-197ad3f,co2rr,OCHO,qmof-197ad3f_co2rr_OCHO.cif,0.8475047210315374,0.538219954003134,0.12993319428272657,0.8282867597204076,1.675791480751945,9,341.1910979392846,False,0.2234462777435197
qmof-599995e,co2rr,OCHO,qmof-599995e_co2rr_OCHO.cif,0.2827475477475722,0.5934128068780413,0.1993773909151865,0.8140354159628549,1.0967829637104272,12,352.069577549792,False,0.3005324463347201
qmof-5a2471d,co2rr,OCHO,qmof-5a2471d_co2rr_OCHO.cif,-0.6158380523981073,0.625687559755017,0.16471069146189524,0.8809768682931218,0.26513881589501453,10,355.2212244909532,False,0.3055405989480247
qmof-07cc468,co2rr,OCHO,qmof-07cc468_co2rr_OCHO.cif,2.0715141891943,0.5643011839763861,0.20267211548329073,0.7816290684930953,2.853143257687395,12,350.29547383289747,False,0.1345913710533439
qmof-dd825f1,co2rr,OCHO,qmof-dd825f1_co2rr_OCHO.cif,0.7857972687269061,0.6377982979833217,0.1554887954253086,0.902309502558013,1.6881067712849191,12,394.710515136384,False,0.1665672119009792
qmof-04b4379,co2rr,OCHO,qmof-04b4379_co2rr_OCHO.cif,0.8189901701127091,0.5600673846402054,0.1447904515047094,0.8352769331354961,1.6542671032482053,11,337.9161365047865,False,0.0200845142193091
qmof-02e961c,co2rr,OCHO,qmof-02e961c_co2rr_OCHO.cif,1.252378884277146,0.5210561764576707,0.10089998230730618,0.8401561941503644,2.0925350784275105,10,316.93682713109814,False,0.0821972747370619
qmof-da6b9c1,co2rr,OCHO,qmof-da6b9c1_co2rr_OCHO.cif,2.3152493051141896,0.6287136268075872,0.10383844854504222,0.9448751782625451,3.2601244833767344,11,386.17691096568774,False,0.1149216644445077
qmof-28c2c0e,co2rr,OCHO,qmof-28c2c0e_co2rr_OCHO.cif,0.9833556681361236,0.5618856617286234,0.21183828635516766,0.7700473753734558,1.7534030435095795,12,358.5895816428719,False,0.1947371672152715
qmof-59f49ee,co2rr,OCHO,qmof-59f49ee_co2rr_OCHO.cif,5.58240876171099,0.5495753811822537,0.11186806102725698,0.8577073201549967,6.4401160818659875,12,367.4850163052719,False,0.1309206583545518
qmof-8deddd1,co2rr,OCHO,qmof-8deddd1_co2rr_OCHO.cif,-0.3975943242508215,0.5788634391908271,0.15642167198222065,0.8424417672086064,0.44484744295778494,10,354.86252024189315,False,0.1411429565238481
qmof-b927353,co2rr,OCHO,qmof-b927353_co2rr_OCHO.cif,0.6951012027610481,0.5583275651316753,0.21015534931874474,0.7681722158129305,1.4632734185739786,11,339.63401543165355,False,0.09997139033212
qmof-9bfdab6,co2rr,OCHO,qmof-9bfdab6_co2rr_OCHO.cif,3.104867709711794,0.6078090263472418,0.17561627595717322,0.8521927503900686,3.9570604601018626,12,365.5776160317348,False,0.1093236241181717
qmof-bd899c1,co2rr,OCHO,qmof-bd899c1_co2rr_OCHO.cif,3.0559625369573773,0.5645982967245102,0.17747988446845422,0.807118412256056,3.8630809492134333,11,333.1538250752971,False,0.0302430894188397
