qmof_id,metal,reaction,state,n_waters,n_converged,n_attempted,mean_solvation_energy_eV,std_solvation_energy_eV,mean_hb_per_water_eV,std_hb_per_water_eV,mean_fmax_tier_eV_A
qmof-73ded45,Co,CO2RR,*CO,1,4,5,-0.7654003159335669,0.6099955009819429,-0.7654003159335669,0.6099955009819429,0.0575
qmof-73ded45,Co,CO2RR,*CO,2,4,5,-0.4382573845593889,0.5540395212835761,-0.21912869227969445,0.27701976064178807,0.0575
qmof-73ded45,Co,CO2RR,*CO,3,3,5,-1.371145250631045,0.28906743392112716,-0.45704841687701503,0.09635581130704242,0.06
qmof-73ded45,Co,CO2RR,*COOH,1,5,5,-0.36598574926853156,0.12595804042577916,-0.36598574926853156,0.12595804042577916,0.074
qmof-73ded45,Co,CO2RR,*COOH,2,5,5,-0.6279808383311085,0.6904610450852781,-0.31399041916555426,0.34523052254263903,0.062
qmof-73ded45,Co,CO2RR,*COOH,3,4,5,0.136936479892384,0.9799171935618831,0.045645493297461336,0.3266390645206277,0.065
qmof-73ded45,Co,HER,*H,1,5,5,-0.5297176624401455,0.7180742063563271,-0.5297176624401455,0.7180742063563271,0.033999999999999996
qmof-73ded45,Co,HER,*H,2,3,5,-0.4463083552985753,0.21674693953715737,-0.22315417764928766,0.10837346976857869,0.043333333333333335
qmof-73ded45,Co,HER,*H,3,5,5,0.00159694940402062,1.7878901816537816,0.0005323164680068881,0.5959633938845939,0.046
qmof-73ded45,Co,OER,*O,1,4,5,-0.948799177745661,0.4410855884960041,-0.948799177745661,0.4410855884960041,0.045
qmof-73ded45,Co,OER,*O,2,5,5,0.6928407303674711,0.7587568898720246,0.34642036518373553,0.3793784449360123,0.046
qmof-73ded45,Co,OER,*O,3,2,5,-1.0702095967380814,2.3135685983077585,-0.35673653224602714,0.7711895327692527,0.04
qmof-73ded45,Co,OER,*OH,1,4,5,-0.4514803116800348,0.10371272734272416,-0.4514803116800348,0.10371272734272416,0.03
qmof-73ded45,Co,OER,*OH,2,5,5,-0.45064586327160827,1.378888602751926,-0.22532293163580414,0.689444301375963,0.038
qmof-73ded45,Co,OER,*OH,3,1,5,0.08800123854986452,0.0,0.029333746183288174,0.0,0.08
qmof-73ded45,Co,OER,*OOH,1,4,5,-0.7939276903334669,0.7234957348838942,-0.7939276903334669,0.7234957348838942,0.05
qmof-73ded45,Co,OER,*OOH,2,3,5,-1.153143298943359,0.29736329732260613,-0.5765716494716795,0.14868164866130307,0.043333333333333335
qmof-73ded45,Co,OER,*OOH,3,3,5,-1.4476580172049438,0.429473844786829,-0.48255267240164795,0.14315794826227637,0.05000000000000001
qmof-b46c098,Cu,CO2RR,*CO,1,5,5,-0.28055363023670415,0.027102008629995206,-0.28055363023670415,0.027102008629995206,0.05
qmof-b46c098,Cu,CO2RR,*CO,2,5,5,-0.46881175685132276,0.37368482318512786,-0.23440587842566138,0.18684241159256393,0.074
qmof-b46c098,Cu,CO2RR,*CO,3,5,5,1.0621873609081063,1.5335559657885276,0.35406245363603545,0.5111853219295092,0.062
qmof-b46c098,Cu,CO2RR,*COOH,1,5,5,-0.6412963380997094,0.26310516140394,-0.6412963380997094,0.26310516140394,0.033999999999999996
qmof-b46c098,Cu,CO2RR,*COOH,2,5,5,-0.9799288770177774,0.2130730379899729,-0.4899644385088887,0.10653651899498645,0.042
qmof-b46c098,Cu,CO2RR,*COOH,3,5,5,-0.21197938833271052,0.7936760451969509,-0.0706597961109035,0.264558681732317,0.062
qmof-b46c098,Cu,HER,*H,1,4,5,-0.18716961944463684,1.0115666967859425,-0.18716961944463684,1.0115666967859425,0.045
qmof-b46c098,Cu,HER,*H,2,4,5,-0.6664073502876526,0.40947247959312505,-0.3332036751438263,0.20473623979656252,0.05
qmof-b46c098,Cu,HER,*H,3,2,5,1.870653303748938,2.116239745456999,0.623551101249646,0.7054132484856664,0.05
